id,price
0,1343832.068352087
1,1973344.2011936926
2,1661406.6104581915
3,2185044.279194773
4,3090649.3374015866
5,1782228.0686469339
6,836960.5256937785
7,676456.043895676
8,1293238.4916693992
9,1056014.5403868896
10,1106475.9299261775
11,575581.1411813701
12,853729.7070842218
13,1377110.6226512345
14,760982.4739564104
15,1646398.2097542186
16,592401.378490656
17,892947.654120871
18,852557.9313560149
19,889423.1832024397
20,427777.3538593123
21,1165141.760263602
22,1445279.5170409845
23,433597.7862101766
24,2822353.7704449366
25,994190.0200653942
26,952680.562152013
27,873463.7750822642
28,1492916.5158167533
29,2218286.4407823556
30,1024575.185760108
31,962959.321179248
32,2709751.5194450244
33,4268142.069194987
34,1781971.0251405525
35,605761.6292991845
36,1011533.5069320393
37,2455058.258465556
38,982259.6914365852
39,441794.2343644516
40,1771371.5514073772
41,815445.7928201855
42,486691.2947099557
43,1263294.9722025718
44,896015.4140341548
45,486668.51015903323
46,2259601.641431102
47,484751.03956567025
48,1085266.2423036783
49,1166091.1391583243
50,5281221.204481389
51,1225745.6087274805
52,1577989.3160280127
53,2114572.598661661
54,1124125.0360735152
55,2098822.19178633
56,589634.3256837038
57,1010173.9453352629
58,797970.8478170641
59,2505724.4951227033
60,370465.92271792766
61,560115.3322262858
62,903830.7743417883
63,422208.58722713415
64,5150780.72236679
65,472104.0027822917
66,927021.9784061443
67,4007884.332664993
68,283243.5100923018
69,4125731.984426593
70,859609.1306346142
71,736348.3558701611
72,710356.4495526176
73,1056006.5894787784
74,1150383.4072593092
75,1618228.3684354897
76,1107574.5326608527
77,1424585.8206809964
78,2846315.9248596057
79,2690724.545584013
80,2332913.5178089896
81,1288573.9644593855
82,677460.2438118836
83,893169.4579338145
84,938745.3368966682
85,501490.2426182356
86,1103793.5151442941
87,2274653.3388744034
88,1238492.9775187476
89,643369.9860326964
90,941221.2507386635
91,1372481.3378205793
92,781538.6698320527
93,1574564.4579335682
94,776560.7817105112
95,1042897.6979840327
96,637339.0260562658
97,1112767.709169217
98,4560009.923218734
99,1676933.3847639263
100,924616.4334627661
101,903316.1430066512
102,4012720.6431967765
103,557455.6289052659
104,1030341.7497091736
105,495460.5417944067
106,1718120.2207867457
107,1385672.2655363127
108,1459895.5631566786
109,1243047.380348763
110,838536.693816008
111,1670586.818493893
112,672938.6609704318
113,4017075.7542380476
114,7418269.539619498
115,1581105.9255062267
116,1000047.5691491748
117,813675.5606117024
118,4198831.503099844
119,1074397.4077867325
120,5983454.6211781055
121,2271961.380072357
122,1324348.77063718
123,1009195.1523930321
124,965257.2582317083
125,3117546.9400588814
126,453383.3022348314
127,951964.7416174052
128,1697031.8623298213
129,910213.7366359951
130,4939928.795918658
131,804230.928985036
132,1235008.2681366703
133,1315420.4390177466
134,1319078.0869141263
135,1027872.129745574
136,1985467.750558231
137,1875453.933540012
138,1626652.3457758331
139,979065.3004330497
140,1127622.7166375858
141,1063801.2479025747
142,1425445.1439369137
143,667308.2558889585
144,895651.9798388013
145,196064.49928133926
146,1862021.3166344326
147,1422220.7459726944
148,5001339.606503161
149,2443910.578638778
150,7398155.171667258
151,1766997.1102838023
152,1757168.3185553665
153,284787.4590480292
154,2007248.3066244998
155,866892.726630196
156,2214716.796541598
157,1581599.602117537
158,1427929.7013162477
159,827291.6195114576
160,426234.05650506716
161,1690197.8240211217
162,1195077.713889027
163,1066324.777769938
164,471191.3204513522
165,781497.9238777892
166,1941864.1886240782
167,230087.8739131652
168,2684185.3277152274
169,774401.7680379399
170,398819.0002159059
171,1110905.5177430538
172,266026.12527855625
173,1051344.2991538667
174,998068.09551073
175,1559851.6981061453
176,2510021.498076911
177,950667.5110553608
178,6500210.707870228
179,1060528.5729010678
180,687542.42828195
181,416692.1433642152
182,586517.1344838355
183,1331555.0615145755
184,5963678.296428431
185,5695854.116908545
186,1070370.9336618027
187,1213907.1110167396
188,5460627.260294171
189,2025742.1340274513
190,3284534.907312194
191,1343982.596830854
192,813321.5135685316
193,393223.787031447
194,1765626.4522641473
195,2255038.3949647434
196,898339.0930890035
197,1286968.4068164846
198,2102103.499136852
199,1611387.0687901964
200,793369.1036990959
201,1483403.017594563
202,1288964.2451571147
203,1107499.7530366513
204,2874956.2039795453
205,1845005.9550935463
206,1669195.253091087
207,1843957.0463437545
208,787419.2882932326
209,1558019.086456332
210,477683.16453562136
211,1022609.0101407171
212,1556795.864442522
213,845872.6791653312
214,876061.5399068784
215,294673.5916709911
216,1521383.0832530847
217,2117443.364052629
218,564957.6046107874
219,1218997.1612464872
220,745110.1042001646
221,293441.1899478882
222,674394.8310997618
223,1131194.9164515473
224,402280.7015782607
225,2018602.645464823
226,1665528.1085102675
227,3999951.0854531615
228,3981560.6007074234
229,1315016.1738278372
230,7555421.581380319
231,5424550.810894177
232,272511.95043500315
233,1135866.6073136935
234,506490.9273818214
235,271579.7074855081
236,6420750.106065293
237,4798886.809105508
238,811003.4225179272
239,1648480.8958478412
240,1531046.5819103327
241,1791631.55381516
242,1960422.9312322312
243,1168415.3244468644
244,1189379.277474264
245,450710.2211360596
246,485922.4201320284
247,1046081.119499641
248,1885766.9239545988
249,2197456.9247528375
250,1846503.3627844427
251,1454933.5798551184
252,942456.5432458962
253,1415800.113970597
254,762978.7156128018
255,1392288.5937713247
256,470310.232127228
257,2548286.091657228
258,1626219.1422808485
259,1482851.0205301566
260,690893.1022477498
261,1100915.5943429067
262,1453924.9296971804
263,1585754.3869806356
264,329527.1302520974
265,1353661.7745126672
266,988663.3579462324
267,1764743.3207109564
268,345184.5900193447
269,703293.4816408168
270,913697.1499086238
271,1623270.4170027792
272,1157303.4598860366
273,1116632.2490271018
274,804383.815477938
275,457395.2252401533
276,2075402.5037092667
277,1066739.558611566
278,1455798.861102362
279,954457.7565401137
280,914090.9291129116
281,405387.4895143936
282,1217313.572079188
283,725661.6111355423
284,1279935.2908288739
285,768347.810171731
286,787136.1255956896
287,935493.0795553484
288,2105150.725154813
289,2590703.0078641633
290,821443.1297653058
291,957881.5323578457
292,760151.1706864724
293,1034076.7271408691
294,249895.03428291267
295,792719.8658346562
296,346254.2915680764
297,751872.7616195354
298,1059604.0011685975
299,790789.0312177368
300,438977.8559740674
301,1616349.969204382
302,1197831.3360159097
303,1021003.9177141371
304,1784422.943231536
305,1619104.472777254
306,1138531.176381732
307,462056.3883724044
308,1060178.330929691
309,938510.4679498012
310,1036785.9504527762
311,1435544.956957446
312,1195159.8453134624
313,570661.9036737322
314,419924.81199126615
315,869501.2005221307
316,577090.729859169
317,1898014.6118592042
318,785922.1519962294
319,3290101.7496475857
320,1091881.7997669058
321,855222.7094644615
322,762502.749295444
323,1454273.0950223224
324,6547811.473767864
325,1277075.2707772052
326,448409.5914608504
327,1365475.035636323
328,972144.4348454631
329,817627.8536127519
330,748011.130532828
331,1660323.017964393
332,1442223.3723921087
333,817517.0521241985
334,1796581.9266330427
335,1046154.8302925986
336,238355.67472744247
337,1035265.2120262324
338,1637263.5266302691
339,756320.4976007108
340,825335.5654721555
341,1202248.5870271602
342,2180081.435735668
343,1026089.0227830331
344,821933.5352960064
345,965924.3171929221
346,245194.8662166874
347,1088602.281707214
348,835114.020046507
349,1043959.9655767005
350,3452140.015458928
351,1187848.9342901276
352,1834355.26065519
353,1507573.5488381232
354,1300027.3971102305
355,1761696.1446370194
356,2510021.498076911
357,1780375.3464030074
358,1040025.0466566486
359,383710.53816576075
360,1130474.6488820182
361,1103568.0945817959
362,3984489.7686192673
363,918265.2136843227
364,1570793.3608221465
365,1192030.901915392
366,1364810.134765472
367,1619509.293928878
368,484381.78841581463
369,4271491.395723254
370,597878.8099149925
371,915239.481552272
372,330997.09253840905
373,875380.845035051
374,1711182.974325552
375,1066839.9108791142
376,1353794.095453764
377,750470.7254736199
378,1245799.3167314301
379,1286536.6746459552
380,1159085.9513267218
381,1508918.185390986
382,450423.6122543316
383,940806.4907021301
384,1129636.0596846968
385,894725.0138608606
386,995450.2884433123
387,1413170.8513637532
388,425939.7873139411
389,1899466.362097039
390,1367112.0220620725
391,1585075.9536151413
392,937372.6026938241
393,885246.7967149823
394,1457628.0756336246
395,1149630.1359957973
396,647541.8492708822
397,3164661.646696722
398,5140461.397607499
399,920866.4903963287
400,1342841.6279258437
401,385846.93521408265
402,1119518.1564687276
403,473229.3195715352
404,446818.4899405298
405,950486.6885689808
406,949763.3425329702
407,1140689.469949385
408,1742094.1799256012
409,660249.2689173754
410,952090.0245877738
411,1970213.105529608
412,2413772.570968526
413,597668.0898177765
414,734673.6722046142
415,1915608.238852444
416,2302459.2617919166
417,846726.074908308
418,1052603.487955142
419,1522463.6127283957
420,1310009.7642755343
421,269691.3567481255
422,1093642.378851929
423,1098090.4989846172
424,1925767.823508214
425,873832.8386567219
426,452620.5452434976
427,993557.2020814533
428,1566584.6499676062
429,3888751.7255040444
430,1898187.509849902
431,1369579.3495227275
432,1838222.436567798
433,1665560.908424372
434,1130347.811725742
435,491149.7007270118
436,663903.9997870763
437,2678199.995471342
438,1119017.7366692645
439,2701957.5930062733
440,661274.9609438764
441,1035879.5427493366
442,1926340.3728461177
443,942256.3761608641
444,450030.0524925026
445,854657.5351672103
446,1919767.2799723418
447,1322188.5155671726
448,749033.5118509257
449,5849355.971819807
450,716152.7228387073
451,1038114.5366628505
452,1252843.602217663
453,1647636.775185551
454,1133191.1813651097
455,759097.8705189144
456,9369435.268092537
457,845147.3764180912
458,1244862.1016731784
459,511371.3728331151
460,726447.4512995394
461,957554.8043930046
462,1083895.8893237377
463,740389.2975109705
464,1692743.1614429941
465,996329.7096542141
466,1304271.135973323
467,1007482.1396961482
468,643286.6010215273
469,265740.0239839204
470,242391.96236683306
471,798788.9938900904
472,655758.3542711504
473,872962.3378904096
474,2100867.5012534875
475,2086489.7917987513
476,374985.405520261
477,974446.04314102
478,1599120.8362548058
479,916097.7512898284
480,1245419.4345661285
481,1179267.319635471
482,634965.2072872095
483,2546339.5273920423
484,1017165.9759748043
485,360643.8958862519
486,698188.9676527377
487,984315.9815152026
488,2571191.847733395
489,1651892.6077355584
490,4596991.88699016
491,559343.1148273072
492,869032.0093414352
493,787831.9654814224
494,625489.4183557614
495,409431.1861259059
496,1811804.2383636623
497,3832279.380632573
498,922560.2134190513
499,797219.0694690397
500,2130161.381943411
501,300790.08253695123
502,7555421.581380319
503,4517304.759550761
504,819832.533052293
505,827277.5200139732
506,1429197.0731905026
507,994233.2060617792
508,286873.02792374266
509,587364.9221019429
510,1085131.2444589809
511,763519.3090917715
512,1226233.8690867915
513,1753095.104269374
514,1582007.4650434684
515,914783.8722251307
516,2439903.6840219013
517,836485.5255280859
518,1853801.71557253
519,349858.3298959389
520,432422.5429963562
521,1256882.4551486429
522,177680.37134236295
523,215173.71777786978
524,709533.7585292115
525,1708170.7782296955
526,534029.7852035245
527,1406063.4627538116
528,1408348.370211645
529,858112.7417680083
530,591273.8806349199
531,1012759.1348364557
532,860703.8244239773
533,1398835.068068697
534,1559393.5735478865
535,1399700.1593411972
536,704606.3413896158
537,1039625.2731454624
538,941009.8296021553
539,910392.964100333
540,1791600.5786903747
541,1397639.5592298352
542,5456227.835427328
543,1444616.8523524648
544,940562.1166594998
545,508729.01207389147
546,622654.8381640727
547,4695118.330801745
548,686582.823317128
549,364644.1840577929
550,567442.2227861071
551,1289898.1289188091
552,952164.6281597757
553,692992.0158361717
554,786764.0436416093
555,1405045.0221702722
556,7925432.796779381
557,1741668.7217200145
558,2304431.3729312522
559,655452.6488456436
560,755206.5663232019
561,2331373.7653453345
562,6820071.970864482
563,324636.711988558
564,706533.0147346794
565,911269.665060347
566,1521651.486359408
567,3633675.3843159107
568,1558110.478430072
569,1549561.0857866409
570,876386.2945893767
571,1263563.2931985185
572,805379.3268201767
573,1140844.8970425827
574,786788.91409619
575,576310.1105100858
576,1721262.6958770445
577,665240.6914795635
578,1502174.737718961
579,1460029.6806514477
580,1705813.1757651148
581,1447093.7156009148
582,2757563.1713428954
583,359373.857392578
584,1672961.5576936526
585,596915.6138897584
586,636749.2490760012
587,548119.4955769302
588,1025743.3444394278
589,808244.9798734691
590,969930.1953130855
591,3500116.0077045425
592,1706211.9618205146
593,1055288.3855414214
594,333774.8371909219
595,1255407.0209030642
596,975523.4383642933
597,555061.5065559498
598,893558.7811364963
599,1645692.891790706
600,629983.619288711
601,4565334.452537882
602,682919.317680025
603,8419333.673304575
604,364013.13112745737
605,681529.5719436243
606,858751.9655739025
607,1361253.869488386
608,458187.05901392136
609,1045175.4324337842
610,751363.8222550739
611,1618643.9395635528
612,978481.6712397779
613,651985.8294874897
614,2388978.9300737474
615,824678.7190261681
616,1118068.1405956224
617,1975146.104643065
618,643478.9323871278
619,651231.9364331316
620,1233747.1568369924
621,1377641.4717736088
622,689921.2685633005
623,396304.4927460083
624,1472279.2423002864
625,3033061.452254499
626,1918718.3749047546
627,2803460.091971622
628,6547811.473767864
629,1969991.2174199258
630,1717572.750717661
631,1915321.016529549
632,638995.8363752497
633,1406705.8846793522
634,2766867.407939957
635,2040588.850310003
636,716033.0312433861
637,483637.972512352
638,2840618.614077594
639,1766778.587344029
640,1825872.6644939273
641,1194170.2319871234
642,622832.6944663215
643,1619440.9283075687
644,875543.4798383131
645,656001.0601586417
646,1747066.407947254
647,633261.7758425232
648,937083.252429478
649,1070115.5725583124
650,4147523.197311645
651,1128137.2754243945
652,283691.2898954079
653,1874887.787165306
654,452671.4694144985
655,4109207.3749496997
656,1966124.2433491438
657,923077.4900565698
658,1384155.803170506
659,446457.57275525987
660,964133.531680572
661,569432.1966508991
662,746957.3375141063
663,1256083.0861850018
664,2737210.4211932872
665,940872.1882917228
666,1559689.0192347055
667,1852195.0135327568
668,5347787.7225457085
669,651970.4801043607
670,634966.7939901634
671,2912591.239938696
672,1461467.0563872687
673,1437397.7571156977
674,1753668.049571116
675,4033521.4696358587
676,1265933.2742908096
677,1174088.7805407774
678,1717766.4093982107
679,1671897.2070879214
680,5281221.204481389
681,1753051.8679123418
682,1050636.6052229477
683,1080044.435653794
684,1102745.9957430782
685,491147.4406536444
686,1468491.9783839479
687,1115960.809961315
688,5018273.914008075
689,1127595.882879867
690,593406.0230661965
691,1371032.9944167745
692,2043380.6441454731
693,339456.41700027755
694,819252.9467260692
695,6309121.837975119
696,1616285.2231458062
697,945758.1629641812
698,868562.8503245653
699,3827993.744912849
700,1642184.9618568195
701,739383.1646953655
702,236069.24516646206
703,917192.4032747879
704,1452081.318674029
705,995214.3940716721
706,790600.2122895659
707,1008672.1532776199
708,1118088.4341715584
709,2528606.7116102357
710,1054665.3628854605
711,960137.3629304818
712,1569505.1304773272
713,318122.0907195917
714,550503.0953107171
715,295331.2018572045
716,788387.5483515278
717,861762.5438787995
718,2467099.9387471355
719,1468057.6395779366
720,1337693.2534613658
721,1037891.5105375182
722,1220886.7623400236
723,1918047.6423248763
724,399692.5021818842
725,1413057.986192846
726,1098801.2274326042
727,700355.4139611332
728,1100869.9786814349
729,870936.6784526027
730,316314.4793053839
731,841742.6408962172
732,1401884.791958078
733,305371.6820314178
734,1158257.571370685
735,2122139.506686061
736,1114552.239997124
737,1073011.9001451507
738,1078867.7924104324
739,1179495.9474607646
740,1787191.134001999
741,3613058.1050460762
742,527617.891261973
743,1504025.1052673121
744,490739.8469447602
745,1402663.5161410405
746,937055.188047083
747,1971730.2827437
748,937687.1621910763
749,568001.6834402962
750,1099587.5560896646
751,387817.0826564096
752,534754.7156171473
753,4127617.1987522263
754,2702608.489737514
755,1603904.324374057
756,1120984.0663932248
757,1049924.106631065
758,1441339.0650719958
759,1477779.0310206935
760,1586577.0209789465
761,685816.2108838003
762,519443.1238129636
763,732298.7997172098
764,558326.4436264981
765,2740015.986843977
766,2650590.6860887436
767,903771.1903225401
768,952916.2883278503
769,681151.5755165508
770,219497.31614457018
771,594667.4849373705
772,471072.45020034484
773,1107257.4437904903
774,1170662.842342274
775,1460006.4813720137
776,4017166.565170952
777,2117080.4044764116
778,5147791.900653475
779,1719299.2075551816
780,1790763.1793247187
781,800603.0558312443
782,1630418.7432885605
783,3880272.5575134913
784,1281914.4023376477
785,4313020.081694802
786,1140494.8304793793
787,839908.46995716
788,470412.9827169698
789,2495232.8381378194
790,1367141.8904110177
791,1114291.7880169584
792,1687988.4164669479
793,1275092.092156628
794,1055736.2005757657
795,1975083.996446573
796,1096692.7546485132
797,1058568.9062330236
798,3296807.3806929276
799,632190.2131678871
800,1856804.1563819663
801,912374.5967804322
802,750285.4987647145
803,317889.50389726844
804,1171033.9823559823
805,751686.2895697105
806,225262.25246439784
807,918655.1588177723
808,1668430.199862891
809,886101.6514334253
810,1374960.8990055164
811,1129239.2933965328
812,1297632.1442296952
813,1870368.681471458
814,903527.27145185
815,1431584.7666897795
816,1098333.434094471
817,4074705.647222485
818,875853.5362460936
819,1178462.7039293773
820,1147506.6911907818
821,913621.6847546314
822,908948.7386077553
823,1138215.7501577088
824,939284.2640185367
825,771490.4385500873
826,885919.080030734
827,2912551.019767752
828,1433682.3827954514
829,1011725.562801037
830,1872945.5358595017
831,334260.8289716804
832,547936.7842556218
833,1811804.2383636623
834,1766727.7426449016
835,973416.2199883979
836,592006.0619073595
837,690030.8073857962
838,254593.13054088634
839,1024178.9506164188
840,159019.1423673004
841,1633916.4847446417
842,1681847.3340671384
843,2563164.512755274
844,1104007.358656338
845,1847982.4967844093
846,519223.34295144555
847,688983.6213942862
848,942439.7510677492
849,1005739.9237331041
850,2747665.634391961
851,936373.1934328973
852,1108141.0793464254
853,1880507.0248149761
854,745484.6748100038
855,436357.0764041512
856,217542.45825374656
857,961971.3731308067
858,3834087.3787817145
859,1304271.135973323
860,1392095.6320335874
861,364702.8090291258
862,1082084.2049047456
863,1199897.0350289252
864,1032747.5729570127
865,1136141.6461592584
866,2192803.238202423
867,846605.260541074
868,495144.19829167787
869,686868.3271241214
870,209558.9702536496
871,963853.1943531263
872,2496007.827058258
873,1171943.6480593686
874,1433206.345402025
875,888679.9530413252
876,2533053.5701684607
877,452242.6411172615
878,618872.1208971638
879,1611791.0093632464
880,1521322.6075763316
881,682422.5753745572
882,291428.78360302286
883,1378227.5826140023
884,1446988.4483416427
885,616459.3598815758
886,333531.11801518715
887,1096258.1174891067
888,2862910.1075075506
889,688921.2085747289
890,1462302.7547606414
891,1008979.790493377
892,1238557.3236406064
893,180997.25020318627
894,714085.4355344458
895,598183.943103279
896,1194923.9292247265
897,220596.31023414194
898,937404.3237226644
899,5867533.32397107
900,1237062.33471301
901,543383.1249003559
902,632917.5754796112
903,1202678.3869398183
904,1872376.9566400226
905,1498397.9180947635
906,841647.226007689
907,1389709.4419890314
908,4154332.1471091965
909,700401.5445718355
910,3189408.8013808313
911,727763.1452699155
912,1406711.2223313828
913,5480026.027698668
914,1374357.2303577384
915,891540.5861959117
916,903350.8503940802
917,1035876.1664201694
918,267992.6454992065
919,1420997.187473708
920,1036189.2290136592
921,553888.7713966746
922,964690.9772506494
923,1613723.1029080618
924,5243033.135107565
925,678035.797230513
926,1725874.295233297
927,7592586.2427122705
928,1606676.2420222913
929,1239679.0782524082
930,1201945.5848874173
931,2514550.5568236564
932,563765.8525149721
933,1970129.824541575
934,2048234.8578043513
935,3165348.1577240946
936,3255376.836664501
937,820841.9811964164
938,855513.7217109927
939,969416.3814662416
940,1938375.9123304356
941,1365686.6029553453
942,599107.699529385
943,153573.43747213812
944,1469255.1919565497
945,1015243.2631344784
946,1863992.6305565056
947,418757.0192654694
948,2425671.43076903
949,1160566.867009877
950,351745.47936436365
951,1688237.785110053
952,1381137.9924408824
953,860452.0165645994
954,895567.2216949166
955,4519532.983908478
956,710555.3651092905
957,874532.2744281644
958,1206910.1864648648
959,1361877.6527999328
960,1378517.0335870257
961,774758.3582335125
962,1131452.606016798
963,954027.0068962186
964,1134999.3396531115
965,900751.723183297
966,1907386.201983721
967,2840618.614077594
968,1423523.2752017975
969,1721986.0917548623
970,819745.335034441
971,841926.2425291688
972,676649.5580824873
973,1514871.7973878414
974,742421.3891207222
975,272511.95043500315
976,701253.0981166436
977,1722457.316575111
978,1717440.0056546188
979,817618.9324610702
980,620692.979305717
981,1573829.715298576
982,2175036.1522957743
983,3101621.833928573
984,1170510.4365486193
985,821350.0704944562
986,1155956.23546566
987,1905066.8308240639
988,1536946.295022056
989,1195671.0059153386
990,599037.1394866044
991,632988.154994972
992,1508921.8121907758
993,2345698.7066410785
994,798449.8907365698
995,905462.1902229624
996,1405471.1833820087
997,339882.8580206181
998,1709808.072603417
999,865844.0241835546
1000,675089.572009774
1001,1138854.5990942128
1002,1241974.9631152835
1003,3437714.2975582574
1004,721970.3360506789
1005,658933.4078554774
1006,4200406.737535976
1007,1129281.820685567
1008,872932.8767513013
1009,936807.5596223198
1010,2338363.4019188583
1011,858239.2279575423
1012,1088675.5981018303
1013,1330247.9611968093
1014,1771419.904890724
1015,968289.7887078391
1016,1827720.6235954813
1017,1320908.4822293366
1018,770028.0352804073
1019,312983.44001997256
1020,519974.249663018
1021,1324857.2715919197
1022,1224239.1837234844
1023,1178975.1958775248
1024,1324836.9344276432
1025,1362826.023614876
1026,315973.25041562895
1027,839575.2646264698
1028,1709147.8313359444
1029,1384298.6019911477
1030,1314631.6845508192
1031,1885908.1210267062
1032,205890.41523650725
1033,1138604.6967283115
1034,551447.6359168718
1035,1262181.6900186043
1036,321087.76748694194
1037,1088334.8760889177
1038,287561.78605705424
1039,739215.2185174545
1040,3217627.2829336785
1041,1000333.7834117019
1042,923612.9207667728
1043,1101312.3749189167
1044,1000252.5500797096
1045,899163.7416447196
1046,798471.247972407
1047,1541284.054919679
1048,308912.6765845379
1049,1552537.5001450293
1050,1113581.8729011014
1051,1086486.4595963254
1052,1078720.6321242526
1053,740198.2792746751
1054,944277.8095056592
1055,1472262.9073637566
1056,1355641.9914948929
1057,747468.6422706892
1058,2008580.4643832245
1059,1478512.5430328995
1060,562937.9843311529
1061,705330.5319876748
1062,1234322.2637749035
1063,1042638.2793819682
1064,1530443.3989775593
1065,573593.1483976668
1066,621037.3284248348
1067,1075012.2827689156
1068,5092048.043724338
1069,884026.7865611465
1070,1566415.7768596252
1071,1226142.803103615
1072,1908033.153641642
1073,1244092.7909600018
1074,1902185.6125676264
1075,2702435.979047375
1076,962271.890112374
1077,852711.1633478001
1078,1242629.632277041
1079,1777287.4884483058
1080,803414.0907103764
1081,1830320.4062805907
1082,347601.8503542
1083,826261.5165494182
1084,849623.2565949424
1085,527523.0307430975
1086,335405.07245298143
1087,2428834.247720127
1088,1730611.0962614943
1089,494168.95452517824
1090,940329.0554890208
1091,2697994.184873322
1092,1332510.749545587
1093,1021068.6583141468
1094,1076662.6727985104
1095,1581049.9469058737
1096,781044.0720760336
1097,2065464.2804907365
1098,1756992.3505927403
1099,1269449.7171095696
1100,972516.9904976242
1101,492272.1027833884
1102,1081089.729848772
1103,884364.2084349148
1104,1129223.6370795262
1105,1227222.6832998518
1106,3119835.8684511394
1107,944921.6627701194
1108,1103843.451855272
1109,1106296.5602323413
1110,989345.2868271463
1111,1392607.6952177912
1112,806648.2624729654
1113,1619970.4474665052
1114,2348168.926465967
1115,2611039.5574313276
1116,744123.1126319749
1117,1684042.660841221
1118,985309.4538993242
1119,938767.431612967
1120,373000.99249824433
1121,2453538.963525138
1122,1566522.192472058
1123,1408144.5330734572
1124,828655.0212489803
1125,408811.72544470505
1126,645918.757084803
1127,1168937.5778671307
1128,1356861.233228371
1129,708555.5556793431
1130,917528.9107494074
1131,848614.5830053134
1132,595137.8115049736
1133,1971630.5884030038
1134,1090650.763179829
1135,938492.0029830531
1136,1137623.4534567583
1137,832941.6864091457
1138,3410065.830453248
1139,1138894.5912250355
1140,2194299.705034017
1141,670664.4265106948
1142,3206318.8295010617
1143,801628.8131805713
1144,2284142.9678846747
1145,2026710.6098789193
1146,1495609.523772399
1147,1031077.0043344956
1148,603554.5194632568
1149,305206.16861729725
1150,1326440.6017288177
1151,893144.1840762488
1152,1767786.641352567
1153,637585.456065988
1154,778571.4631457076
1155,396174.7207954017
1156,645905.8926763289
1157,555343.1666090783
1158,1851507.9507695087
1159,3214904.3197010313
1160,1847546.974378422
1161,6674236.7943864195
1162,991759.167942714
1163,506777.58669456164
1164,5496460.530766522
1165,262559.5270225314
1166,406646.00229208765
1167,1725164.4533922323
1168,1332632.1491589176
1169,1438926.838124168
1170,930131.1155469669
1171,1461370.5001435748
1172,1364306.6192298932
1173,1057643.0101757739
1174,719451.8278282301
1175,384714.3922962194
1176,991873.6053617735
1177,1450192.4337924223
1178,855536.1567719305
1179,1476148.2775314157
1180,1920333.1101140971
1181,742299.2586767124
1182,5440131.964584081
1183,3888751.7255040444
1184,1181589.8090267726
1185,1799078.671539555
1186,1340726.929020585
1187,1560411.3235145484
1188,472435.6954534996
1189,903673.90659705
1190,707434.1621003556
1191,276173.2807336796
1192,7246728.510380298
1193,1717766.4093982107
1194,356352.8573227741
1195,874595.0962768298
1196,335204.78628216323
1197,2592180.715534683
1198,439217.0389709922
1199,736683.1400095397
1200,1545902.919482
1201,725068.2666166574
1202,8543485.063210074
1203,701704.7627711892
1204,490258.12687029166
1205,2131408.393433089
1206,1980255.7577249615
1207,3462254.579281731
1208,3878570.0352095757
1209,1417338.3242326828
1210,7555421.581380319
1211,1006318.5451971198
1212,707427.3966290912
1213,1486735.5015233676
1214,262433.32261145854
1215,647550.8152241209
1216,2126987.237264484
1217,1445761.212749408
1218,1030187.961430551
1219,951768.0774384736
1220,1820957.8460231032
1221,954349.8170530255
1222,1784895.0390046705
1223,788116.9068415852
1224,971082.0972194255
1225,1713631.5249867758
1226,925371.3123127244
1227,486307.3856118259
1228,289469.9293474697
1229,730281.265065311
1230,4581970.8044122085
1231,1568843.4884928681
1232,1256462.6541840038
1233,1781374.7136945047
1234,1349243.423100344
1235,867949.1315231214
1236,1895890.550027809
1237,972464.0202340045
1238,136237.56146587903
1239,1238879.247433436
1240,800401.158458255
1241,2284553.066517419
1242,384357.2379440654
1243,1773008.4254550228
1244,196586.36137539768
1245,778566.8019345305
1246,2052439.4337855964
1247,1205651.4444997113
1248,966158.8058137414
1249,2702269.673962858
1250,1030188.0295083764
1251,1799723.8596424647
1252,1374995.9094474155
1253,734854.2537431566
1254,1058213.200783855
1255,1261927.0916923191
1256,1435726.16145606
1257,1559819.9879033577
1258,1314437.7093785382
1259,1261515.2564938117
1260,711892.2855592282
1261,622207.6528330283
1262,1500682.9983821982
1263,1084618.9306005158
1264,771916.5457513542
1265,1108626.7258188194
1266,1112490.6153685276
1267,1835466.9418717888
1268,336651.8152646094
1269,1848683.583006508
1270,2117800.0800490994
1271,913224.8421010621
1272,938953.098231272
1273,1643200.4395549837
1274,2331190.8908528695
1275,984761.0408471578
1276,774605.4834462699
1277,710047.6265270348
1278,8448295.408572607
1279,3527906.977454863
1280,806898.9714517153
1281,909937.8148250596
1282,662384.4994057318
1283,1146309.9198682222
1284,3810408.495871339
1285,3514514.834256991
1286,487114.3903500244
1287,1392900.6543342771
1288,819545.1981991979
1289,793104.7007995293
1290,1107225.870052446
1291,1294183.2640792707
1292,173664.7767137661
1293,406562.453275718
1294,267538.0680606561
1295,1350929.9682952834
1296,1813325.0493565903
1297,6382973.936638801
1298,797156.7876846658
1299,780678.1381731661
1300,4689353.819381259
1301,1016168.800121882
1302,742130.6706337266
1303,7381989.661898198
1304,926523.6447005366
1305,1534251.3998403936
1306,461586.5304071827
1307,952985.8390202472
1308,3590734.6964600687
1309,987044.0570525014
1310,227213.12698297904
1311,1894401.7341046596
1312,2233013.5906220977
1313,798517.5154471113
1314,566787.173671788
1315,600819.2431158441
1316,683993.1690886517
1317,737163.0067226184
1318,2678598.3704635645
1319,879989.7819099217
1320,1410152.0722882145
1321,1218209.539529544
1322,573582.0282859352
1323,1556372.253285264
1324,1511342.1499873165
1325,1236592.1110210954
1326,845262.4884650998
1327,1690087.8079659247
1328,2036925.556093247
1329,1129255.6015059557
1330,730104.897050686
1331,816838.4697700687
1332,3153420.739902492
1333,789434.2447491327
1334,1283073.7520030194
1335,1271341.3918110747
1336,1486592.1032146162
1337,1379146.7801091631
1338,701231.776317818
1339,6133753.406819151
1340,4896614.991561875
1341,1590027.5645712004
1342,1386593.9122954279
1343,639224.0916278672
1344,344905.66679539514
1345,2497549.0594582725
1346,1008807.7343006463
1347,738368.1886917604
1348,1598655.2911303914
1349,786234.0898907308
1350,984880.9224626981
1351,502493.45374123746
1352,1603313.0777167655
1353,1671191.237045494
1354,779824.273096299
1355,7606183.800771473
1356,983944.1580451229
1357,6394684.250385946
1358,1463657.748100797
1359,689644.367183505
1360,328293.81180322304
1361,621211.1616371388
1362,1436856.9284880334
1363,870879.3374513169
1364,750724.0185638695
1365,513929.78672064
1366,3919111.513561701
1367,829197.9481277064
1368,1796875.3536221404
1369,661966.1943515693
1370,720671.7378948546
1371,602611.4587200508
1372,763655.823584251
1373,1051610.1285557393
1374,959205.4047173022
1375,1521124.2479033794
1376,1500125.71003439
1377,1084259.3259574221
1378,1852972.5819644264
1379,1644938.2244139016
1380,786492.4958935028
1381,249699.36168967912
1382,874224.8235466301
1383,882667.2564393589
1384,2026817.5101894483
1385,1595605.6983368082
1386,3943717.8551201127
1387,1563378.7471341293
1388,808691.9996561863
1389,737139.2566645592
1390,1129627.0199939685
1391,769083.9291747967
1392,1427892.5173623029
1393,1437359.5659958518
1394,1914865.0401420866
1395,743012.8868407597
1396,1386444.036809544
1397,278648.7973846778
1398,1193003.7114128396
1399,654288.4761893705
1400,2227718.8268622905
1401,2088070.5968781998
1402,186418.54418232656
1403,1109968.3015960476
1404,544502.1747451953
1405,1543601.1441175414
1406,1620523.321895538
1407,786165.2346415343
1408,1764224.5630497972
1409,1224292.5030589073
1410,3936476.0038158735
1411,1218671.163906362
1412,1428563.629527015
1413,7592586.2427122705
1414,1493272.21327741
1415,921399.2775377496
1416,828641.5073421741
1417,1246063.1921095299
1418,653281.2331799194
1419,704817.4639384969
1420,1245087.105169275
1421,1596910.0693621552
1422,893011.0234792924
1423,2951789.1688660155
1424,707415.0068217043
1425,1779418.3785511851
1426,1555200.8080413693
1427,4549501.194728579
1428,785233.8535151904
1429,967593.3359001392
1430,1086702.2961034214
1431,1401686.645228561
1432,1157354.0801725793
1433,433350.71619036014
1434,1060709.1639233031
1435,954021.8080949307
1436,1252421.5988927782
1437,973162.5156520513
1438,935129.5658652451
1439,1287895.1826708342
1440,504560.51752080134
1441,1376771.440076633
1442,852111.149944492
1443,3281325.927501989
1444,1238024.715563984
1445,1086406.648030675
1446,1268610.4622836388
1447,1345454.6860400885
1448,6959062.036136486
1449,604221.0440157541
1450,160032.47327805922
1451,183732.27543419643
1452,920483.4842621862
1453,874794.7601142543
1454,826419.6279043985
1455,995084.0330598854
1456,2584380.392979581
1457,810821.0489475474
1458,920528.6840512169
1459,586555.6506243909
1460,856633.6731248054
1461,1287138.9804848034
1462,1152714.063759356
1463,855191.3046034093
1464,237769.70290879687
1465,217996.31241164956
1466,864887.8536802407
1467,1246635.3466996844
1468,1391720.6668650627
1469,1537165.5295676652
1470,749027.8907524049
1471,1441185.4636457404
1472,1005251.0080835288
1473,936759.6259007363
1474,1778098.9513455217
1475,979445.8433454072
1476,7411242.322197772
1477,254565.14033197094
1478,5573128.842203887
1479,947763.3628429505
1480,1181949.8512931096
1481,260458.07639991707
1482,1312713.5101821278
1483,811417.8914302724
1484,1309388.6079631823
1485,848887.3083783485
1486,1190925.7178600794
1487,3153043.706146436
1488,1083776.5191333229
1489,1497891.0830385147
1490,309082.25113686203
1491,697001.1252087741
1492,798471.247972407
1493,1669863.8769416152
1494,1008102.1896857359
1495,1032797.0059530092
1496,1218347.5779951354
1497,2086489.7917987513
1498,980722.8367722863
1499,1668713.7704739103
1500,1096382.2615347023
1501,601651.2351836142
1502,1692273.0817413614
1503,584670.1153334638
1504,698660.3934198373
1505,737533.092617034
1506,639851.3457553415
1507,2650542.9673757246
1508,836856.7547462238
1509,1134315.8857301672
1510,715668.4298216889
1511,762742.2761494253
1512,1130135.4762221652
1513,1950078.9455048984
1514,978005.2266173519
1515,880339.1426254072
1516,977257.095779288
1517,822777.2193079579
1518,1002501.559114082
1519,1186844.3198564171
1520,976621.8516358648
1521,1306291.8783135097
1522,1401969.129619676
1523,956447.116701589
1524,3350039.846711718
1525,540409.5780389836
1526,3774536.555698979
1527,627717.1508059272
1528,1686618.5396630224
1529,1077803.79800829
1530,1127943.400818906
1531,1557508.6462207907
1532,212506.6463501723
1533,218869.98122730255
1534,1003099.4123547679
1535,818705.525185745
1536,1326791.0040745288
1537,1733471.5378361589
1538,943261.636356063
1539,1611934.8155026208
1540,1898415.2602680768
1541,715434.3877395493
1542,978116.2423566164
1543,989380.3160548923
1544,831555.0370923543
1545,1529970.673122929
1546,2918150.818210827
1547,1562424.0902103663
1548,1692809.745731073
1549,1858517.7199122189
1550,1744519.7747424215
1551,916823.1810198681
1552,325466.6046505986
1553,424797.95266493526
1554,1499752.8645441215
1555,874221.8157368045
1556,1106976.2624703525
1557,1036210.454685009
1558,1116169.9785388783
1559,1376054.87148773
1560,1278229.562076135
1561,795709.0239273174
1562,728268.298190652
1563,1477769.6876975014
1564,755585.8017195569
1565,882457.02156077
1566,1768192.8760188168
1567,548582.862089952
1568,1025458.2557807359
1569,1411455.4658255067
1570,1151974.7538182752
1571,2430901.545851366
1572,2109249.8712284286
1573,1533821.0034350639
1574,1748119.9614345897
1575,7539552.3160023065
1576,1678816.5005268846
1577,920907.5662786706
1578,935480.564313688
1579,749581.7475134928
1580,1486452.5218169228
1581,1921214.720081105
1582,1095372.6250249902
1583,2733130.930723182
1584,10757976.785794545
1585,676740.1846848138
1586,965491.287260824
1587,2919419.1234915503
1588,1601921.9392844255
1589,4133975.442751066
1590,786596.4616782031
1591,3184728.147202352
1592,1468745.108802235
1593,2213449.518662917
1594,781553.8575554644
1595,2336624.970663329
1596,568545.9416113463
1597,1904836.4774091088
1598,821994.7660488983
1599,255591.70733802058
1600,673915.3601477132
1601,1111497.5717825796
1602,1225862.1968650839
1603,967705.8126928656
1604,1130185.6316772022
1605,1568467.3658887807
1606,2380620.9787214445
1607,1770713.792147638
1608,1757968.0422506207
1609,3160147.0143592055
1610,1005531.422184902
1611,932886.0637034618
1612,1258563.2839352493
1613,1962806.2432487828
1614,1235636.5099674533
1615,2021400.127502279
1616,5021737.974282312
1617,936050.380207776
1618,1986334.275295913
1619,722765.4465656308
1620,1488183.975120777
1621,1088903.2722119894
1622,1695389.4137116075
1623,1261144.6425494137
1624,1497693.9255629405
1625,2626592.041556919
1626,740310.0886884435
1627,431629.7729982737
1628,1314557.795775971
1629,1272518.7708094704
1630,1244588.3133307751
1631,1122510.157327854
1632,696647.6196534699
1633,434363.95931437076
1634,1268327.8926511235
1635,1881010.5861050554
1636,1076425.8449467297
1637,897085.5043128274
1638,849741.0124904973
1639,1612215.3177250517
1640,236793.13329857466
1641,862038.1384169884
1642,1153106.2673436543
1643,2026799.2781478795
1644,1966549.048576851
1645,2076208.9604874451
1646,1880930.877705165
1647,1982520.915453671
1648,892314.1772781867
1649,810466.0940001574
1650,1349834.397119211
1651,1455434.2585483545
1652,1441735.4501784209
1653,1244226.730803539
1654,3167924.188253394
1655,237549.8387972528
1656,2141739.7953079124
1657,1563829.6167604276
1658,1953880.4343946131
1659,1709883.3122304848
1660,1112229.0568954635
1661,1212315.4454891516
1662,1131407.6285791504
1663,996960.6998096504
1664,1492028.7526957812
1665,1190806.6739926757
1666,935371.150995351
1667,317949.6150289145
1668,881288.2844533749
1669,1684338.7445535692
1670,1153680.6970240097
1671,2787338.470754296
1672,1564773.3252651542
1673,1035130.5452911227
1674,2300442.784175076
1675,744475.5059657051
1676,1532093.5337699156
1677,922467.1689981653
1678,6666751.559544925
1679,250116.1337451162
1680,4993096.169066927
1681,1601230.5678090663
1682,1647034.8412709371
1683,455013.94018273713
1684,6500210.707870228
1685,1639777.4715168416
1686,691466.652243361
1687,552506.60141844
1688,1198484.809873687
1689,397990.03224077873
1690,430169.67128052557
1691,1200498.0000387132
1692,1181857.3701094144
1693,543651.8111236113
1694,335714.193790335
1695,1041156.0572770953
1696,6547811.473767864
1697,4483320.870036899
1698,418059.9066707328
1699,1013258.0324648452
1700,952257.6275569035
1701,746521.8741719971
1702,2362606.903011891
1703,1565851.3584197552
1704,819813.1825926476
1705,1415448.122841169
1706,1729045.558314289
1707,1977765.7048531433
1708,2996668.6529248212
1709,2217167.6568546062
1710,970304.4010279338
1711,850304.4872329149
1712,1402905.2906973807
1713,1230741.7210998943
1714,751146.1109222518
1715,2560976.1239162832
1716,604129.8124454282
1717,1230672.9421382577
1718,476780.90170010645
1719,1678823.5582122412
1720,1263923.2123865408
1721,858875.4029276524
1722,1624023.009888903
1723,1273691.9853851437
1724,349952.90012634726
1725,746477.9978349175
1726,2504500.5696047395
1727,1708170.7782296955
1728,1162752.237721266
1729,538231.2777658944
1730,779606.5864055804
1731,883887.8704284688
1732,1005191.7843208418
1733,1358145.4291403063
1734,1320695.2759588358
1735,1626408.187725599
1736,6150677.62719165
1737,982667.0844731786
1738,1214388.311656323
1739,259185.17356723233
1740,429996.9857908024
1741,6309121.837975119
1742,524111.3242145411
1743,2268047.3937546303
1744,400465.27056105435
1745,1689074.646613772
1746,1259387.1746998616
1747,756059.8223099844
1748,464182.6206227299
1749,918706.8441320731
1750,943548.1184549694
1751,1256663.6368193417
1752,799504.3394818509
1753,4169094.5495000477
1754,456189.51241521037
1755,2701819.4620167636
1756,1184758.5219270624
1757,962220.6016332357
1758,1872034.224233826
1759,858111.7185476992
1760,3301707.410669152
1761,1171126.638626985
1762,2210720.7973024016
1763,1137102.0098970232
1764,3851204.8583872733
1765,1035917.1241630906
1766,974745.4928249078
1767,1596202.5034619458
1768,1366305.7365690854
1769,1134751.9345978533
1770,1261773.2194145103
1771,1118027.912375219
1772,1425928.9139459503
1773,1174973.2026996992
1774,1257218.7276011799
1775,1345662.6766780496
1776,1445641.075528371
1777,1203148.941900553
1778,200495.45512960706
1779,437936.44025850395
1780,1585965.1629414312
1781,1037948.7313101783
1782,807352.3982168784
1783,967814.8980833823
1784,948834.49605809
1785,963437.3829952257
1786,2240590.697482788
1787,595425.5015779213
1788,1364528.9139480449
1789,1114889.8696468552
1790,1901962.7053767277
1791,1317074.8277522689
1792,1129753.2660082371
1793,1422787.6403325773
1794,1669735.3446260693
1795,837569.1509193996
1796,489455.35682016186
1797,6327445.909453036
1798,385012.48259568866
1799,3715105.831089206
1800,890083.9533516022
1801,1701437.2379456551
1802,704203.6806392659
1803,864143.6529968217
1804,1261938.4710609473
1805,6809075.061689807
1806,552984.1958834531
1807,273866.53651964304
1808,1499211.8064705331
1809,1714589.3834427772
1810,1358750.3299384837
1811,2737509.018002512
1812,678465.1052370109
1813,756448.7744525264
1814,897610.6657431937
1815,2023772.4489502548
1816,1941893.0207693756
1817,5808977.93310565
1818,1323205.3472944412
1819,1378746.541431938
1820,2165994.097322176
1821,910733.2605768053
1822,1820244.6496394302
1823,809279.2386803466
1824,910741.3156371868
1825,6104818.240392204
1826,1027320.0214542816
1827,6156956.14962827
1828,1566135.3406259166
1829,779524.7269463391
1830,923267.488527036
1831,5846622.706722192
1832,1637688.3648134721
1833,4463044.482468373
1834,2767520.2258597175
1835,2519489.5831525023
1836,365658.0097023546
1837,1941475.2141040845
1838,1267951.9778558612
1839,824355.4147123587
1840,266197.6057386519
1841,948619.0744856448
1842,4089678.8861406296
1843,1068877.8251482025
1844,1309109.622487527
1845,802835.165265449
1846,943335.8812208229
1847,851098.6934640834
1848,761120.4864624266
1849,766884.0653340046
1850,1576159.0678005319
1851,1832979.2740510139
1852,898745.1656031847
1853,1849052.3735792348
1854,4286781.98206804
1855,1767842.6891853125
1856,209734.2768183293
1857,4367638.225823507
1858,864754.4257295367
1859,1289943.3061293233
1860,5849997.741111937
1861,214837.96686723054
1862,802021.3833825953
1863,1391245.5078577688
1864,588091.913365592
1865,828381.887678116
1866,890534.7200531877
1867,1940195.5712619466
1868,1113456.027912158
1869,748600.4269014981
1870,1314294.2045668983
1871,1635248.4437774874
1872,365528.19118386775
1873,467214.6139324773
1874,3870193.8832950573
1875,1634403.2875344364
1876,5778738.186560203
1877,1211652.2269463947
1878,897838.4779784229
1879,1101110.2344928186
1880,773823.1710674311
1881,783363.3572398939
1882,626310.9088744147
1883,515027.7559444372
1884,1160122.5705461572
1885,1708669.4394856542
1886,685563.3956617662
1887,1121482.4298026154
1888,2136329.4877994903
1889,632978.2913374376
1890,2011053.6183518965
1891,5013169.295035286
1892,697850.9493324598
1893,168052.62759841088
1894,612222.0831721994
1895,1340388.7570130292
1896,3960126.688428215
1897,437375.68994577555
1898,252861.00491389236
1899,829365.7442329797
1900,107185.0210015911
1901,1263316.3551886864
1902,2522539.3442004644
1903,458804.739060815
1904,808483.2316641271
1905,1317121.1807243468
1906,557437.6972507173
1907,640380.533950614
1908,1909904.460757424
1909,861265.969383687
1910,962587.8092333756
1911,1723033.0408064541
1912,318549.50387349573
1913,1292624.926710962
1914,1505387.6465311905
1915,4272764.241270954
1916,1123833.9828269437
1917,236816.9360480523
1918,1635674.2791427677
1919,6150677.62719165
1920,906624.5090131352
1921,7555421.581380319
1922,577014.47314097
1923,1353589.3614479445
1924,1469048.7894664425
1925,1347530.016879638
1926,1202780.9406857355
1927,5554779.916114584
1928,1625580.3380139384
1929,7555421.581380319
1930,783095.3428736537
1931,875394.0378024984
1932,1113103.4565475225
1933,1075748.8081266624
1934,373737.6142406228
1935,729504.3540235078
1936,1495691.8526301933
1937,4137203.304039495
1938,153077.80426176355
1939,756681.4543032582
1940,2501183.5533367195
1941,1146286.9338537366
1942,4381339.267587122
1943,938869.8657774366
1944,1755567.624027047
1945,2373051.196460865
1946,753804.9891453969
1947,905673.6878299341
1948,753173.9563057242
1949,693442.3890156853
1950,1100746.5915624092
1951,1607613.117190344
1952,1027218.5075671525
1953,868795.1986080621
1954,1227316.4554488412
1955,463453.3013913621
1956,1301110.1790660077
1957,737538.8912009104
1958,1296127.9895824518
1959,2014297.1330186338
1960,1033478.5549474765
1961,256267.39804525365
1962,313916.98476803146
1963,2376223.135790465
1964,346254.2915680764
1965,2741924.906085788
1966,1192727.085731732
1967,3155651.917110429
1968,1617017.7836247687
1969,1773174.8920983844
1970,330225.0279239156
1971,378097.7169382829
1972,1518987.7660343407
1973,5532574.174515152
1974,906784.0140071958
1975,3243226.451896394
1976,745997.4769458802
1977,2605906.776880417
1978,2330659.4865479176
1979,656575.392656001
1980,968289.7887078391
1981,740833.748270614
1982,794709.9681411638
1983,4581970.8044122085
1984,370986.81510913465
1985,448541.1142642586
1986,1173842.8434527665
1987,971866.1125445683
1988,1438338.0881199664
1989,491358.9773670276
1990,6547811.473767864
1991,1565392.5321300905
1992,324269.539060617
1993,1030766.1526980324
1994,564544.3145717487
1995,4113911.530097957
1996,721273.4265994857
1997,1031023.1753400206
1998,313261.9550728107
1999,762315.4565478838
2000,497912.52891188057
2001,637250.3296534087
2002,1822679.2629678748
2003,2213820.4552557827
2004,703293.4816408168
2005,2824969.660166554
2006,1467876.0025142536
2007,321461.87436411576
2008,1090942.5412438128
2009,1564407.4901973451
2010,1006555.191767292
2011,1369218.3900390163
2012,2373051.196460865
2013,200198.0749881748
2014,1278928.8593534268
2015,1059915.3009968745
2016,4298089.348877038
2017,486252.19382506324
2018,1199024.4662497612
2019,1569344.553649483
2020,1209702.3816870344
2021,2340518.596210184
2022,940630.7076774352
2023,888604.3391850855
2024,854891.2114371209
2025,1588002.280474684
2026,1030979.9379625692
2027,701999.828545924
2028,598253.1130587274
2029,890163.3839909612
2030,515898.4808535307
2031,912624.0644440326
2032,1637677.3653994943
2033,1462563.4722688512
2034,2802730.678622142
2035,3493391.5752151445
2036,413976.07545652
2037,989333.6430211657
2038,429507.49131455744
2039,1789042.0270633828
2040,452070.2948301447
2041,949268.8488182982
2042,1935663.9066243412
2043,2545444.75134553
2044,1090279.8749090196
2045,602943.9116610468
2046,606436.2782479469
2047,488065.8764696199
2048,676282.2118182472
2049,752572.5450625209
2050,1057825.064266231
2051,965236.9459512064
2052,1141691.0907908555
2053,1690064.391699806
2054,2336049.4725363418
2055,393016.3046333146
2056,1310291.4528541802
2057,787134.1260169367
2058,1284264.954361568
2059,514873.2830204627
2060,3373635.7380324104
2061,994986.4101365603
2062,2626592.041556919
2063,551043.1685952665
2064,1671176.6155496845
2065,1167352.1264113742
2066,912626.4574834706
2067,2494670.952127652
2068,929648.6339617029
2069,1096866.638273516
2070,1653665.746634212
2071,2617041.745791637
2072,1114079.3561603804
2073,1333815.6619879305
2074,3295960.365609363
2075,5680703.968734863
2076,1771096.3340616794
2077,592555.9677612087
2078,632682.4902312581
2079,919563.1116212094
2080,951721.6777548015
2081,1127043.7163675094
2082,1173047.265946233
2083,4198831.503099844
2084,1001828.9835192036
2085,7555421.581380319
2086,1962155.4784421981
2087,2930548.2440628484
2088,1463716.917696853
2089,1942703.8682603033
2090,455339.1241982321
2091,696448.1377928089
2092,1871568.9119827268
2093,1927736.8594333832
2094,470446.14256039966
2095,2287252.901983229
2096,930519.9922038787
2097,445501.8373078689
2098,1073241.7745795436
2099,1337441.9121246117
2100,1825283.425300472
2101,398335.60819553
2102,1311721.6832246173
2103,1699829.943690874
2104,1588665.3790391327
2105,2504500.5696047395
2106,928419.9820891154
2107,1645764.0659390977
2108,2458935.71580943
2109,773414.4841916724
2110,1532636.492438171
2111,2032482.4816208158
2112,1079862.1924748
2113,866159.0315220219
2114,746774.8035773926
2115,622810.522469354
2116,480196.2528645577
2117,384357.2379440654
2118,470291.33089970954
2119,1361055.458726381
2120,860112.862377656
2121,1416703.5871586408
2122,1096638.5778472333
2123,762840.0697172264
2124,2103670.19602965
2125,2585829.544625267
2126,1535649.511065279
2127,928628.0812306241
2128,2393106.3586262045
2129,698268.6568805544
2130,480848.2649494898
2131,1037792.0790890208
2132,1567462.994144749
2133,1349645.225465208
2134,1707210.751550533
2135,479079.5909611528
2136,3426230.9656702275
2137,697940.7900612713
2138,1704384.0338098034
2139,660694.2977471028
2140,1012757.3975799152
2141,381151.2568995815
2142,1033323.9334424415
2143,1392238.1367079096
2144,720240.3718144188
2145,1158767.3433364625
2146,931295.7533661448
2147,4373782.4246785045
2148,835484.2147764052
2149,1864383.3240205199
2150,840086.3364325899
2151,1660106.733695264
2152,678446.5718983614
2153,1554875.3210495037
2154,907681.4595388108
2155,1987193.8442957425
2156,1494118.6460729814
2157,1394209.432059254
2158,1362286.283651824
2159,2672705.894716179
2160,2287779.1235551215
2161,2588316.9861327317
2162,1337721.7677732164
2163,4175921.540328434
2164,1397285.9278902225
2165,2488975.1874416806
2166,440020.43507556396
2167,3179577.9322193107
2168,1269474.5487470108
2169,716364.8982939549
2170,842921.6616890697
2171,341363.56541664066
2172,1026509.6991571968
2173,2742911.165848048
2174,799752.4155642424
2175,1428668.4979551234
2176,494845.1296485771
2177,1014880.6415697921
2178,2093289.152022334
2179,1458298.6878178811
2180,697565.4964287068
2181,788031.7025408268
2182,2496910.900027274
2183,1546961.1201610612
2184,3619568.0891165733
2185,1020197.3028001168
2186,1942344.2784290195
2187,1363425.1967293327
2188,1483483.6727486718
2189,4365216.138122681
2190,2987895.6996380114
2191,801466.7839791321
2192,1972817.0853962274
2193,1540137.6237001522
2194,1331492.8950514772
2195,1145580.1799785588
2196,1478038.7890863204
2197,1679620.082597354
2198,1116026.0206799696
2199,520977.20512745145
2200,2584479.701665141
2201,1816163.4447399203
2202,1165497.3224065679
2203,494370.42511889216
2204,1703202.659135178
2205,1066285.4500639702
2206,2886178.7501814454
2207,1303726.8477879218
2208,1891716.6440731098
2209,1993836.996017042
2210,1005439.0550892386
2211,1373535.3879465435
2212,550583.5243891047
2213,754469.7153771208
2214,988409.7676381491
2215,709444.4256692812
2216,1357804.258758345
2217,230179.69721082845
2218,2774472.3127494995
2219,2293744.5998015194
2220,1044741.8932266306
2221,3200283.060108644
2222,2323447.7879583705
2223,1133819.280581283
2224,946765.192214473
2225,825449.2285124488
2226,1236969.5839554647
2227,1215916.574211603
2228,1361289.5221004637
2229,1034650.5443099369
2230,1577588.679086651
2231,676417.5480228483
2232,405624.9901763709
2233,888001.0790759169
2234,840215.0876866755
2235,577413.580357266
2236,984374.4367701558
2237,898959.0095417845
2238,1484050.4003542617
2239,388580.8317734043
2240,1414904.6068027283
2241,1418001.8433394472
2242,1583632.7674741491
2243,1699698.7914099824
2244,724621.643595288
2245,1573610.549315576
2246,2903204.2759426343
2247,1785316.87672957
2248,810123.6865122899
2249,257488.0627858229
2250,1354115.2279018192
2251,7098316.504680273
2252,557724.6101583308
2253,1272456.0925714616
2254,770253.756844487
2255,555197.8769514844
2256,1641592.7064751594
2257,932702.0812642097
2258,2471648.8960512704
2259,2792816.642375099
2260,1657945.1935530347
2261,986611.866171079
2262,708615.7114709637
2263,1228584.394759824
2264,1174981.5525394708
2265,361481.27968520037
2266,627079.1967936117
2267,1851203.378950712
2268,2099251.786234869
2269,1837791.7626811434
2270,1926295.4675163545
2271,662459.695629342
2272,1602628.7261953827
2273,939460.3502355666
2274,3247747.353497577
2275,1115304.4405739694
2276,3115053.4608835867
2277,1456106.5791933208
2278,5534768.796878754
2279,609960.2951919897
2280,707544.8764161199
2281,1171243.7001987204
2282,707079.6018077879
2283,1029823.3020446256
2284,2062422.122606725
2285,986936.1939471927
2286,809468.6398790366
2287,262218.70362732385
2288,1396325.474852236
2289,3510948.9478033804
2290,1569002.7103321136
2291,2708700.0224607238
2292,982975.8304708257
2293,709242.8386420353
2294,745066.7671821145
2295,433547.4468601171
2296,2767520.2258597175
2297,1017886.7672442258
2298,1174834.2624565342
2299,91473.4116277315
2300,1377532.5052831252
2301,454229.5700357131
2302,1652856.5731673099
2303,1107391.7838668935
2304,7303919.975648221
2305,1698661.6309207573
2306,272423.33721875085
2307,1260288.6635266314
2308,3291097.2224235856
2309,941114.4836928543
2310,831228.0389796151
2311,738921.7761208873
2312,1264749.775690524
2313,1031469.5669977689
2314,7592586.2427122705
2315,736348.3558701611
2316,358288.2291257159
2317,686969.850355032
2318,865218.9723914425
2319,1458727.871242397
2320,7359988.871545925
2321,553291.6824906194
2322,1170550.2729055027
2323,1155524.8648793173
2324,2075418.4721690677
2325,1690985.165801165
2326,3253006.213230707
2327,1729590.1627736068
2328,961629.8571334388
2329,738442.2109552923
2330,726012.3602823573
2331,1620284.7291944842
2332,2630387.382698014
2333,696035.702657218
2334,4042897.395307466
2335,1382075.7177545028
2336,662884.8263731168
2337,1471818.5283548734
2338,832615.1019083062
2339,1594976.9372362613
2340,1633985.7048784762
2341,1639294.011689543
2342,1248929.6976652027
2343,3144930.929794696
2344,1876399.401150087
2345,785674.8655545082
2346,256237.80014847143
2347,1017881.1019701646
2348,456117.54944823554
2349,1156682.2991545594
2350,704219.4654008024
2351,877702.6430798034
2352,1530859.591416665
2353,1885763.5166131777
2354,713676.9543120698
2355,936719.2701103683
2356,1330424.3762517984
2357,1551600.885276466
2358,1491501.20095246
2359,817445.3560040442
2360,1336085.9417686583
2361,1084947.5826156854
2362,1691101.023580151
2363,976393.4545350793
2364,1078598.877681868
2365,1032315.2802309648
2366,1650452.748969405
2367,594056.7526936784
2368,3959165.8294745227
2369,3957640.9650199246
2370,596752.5592662818
2371,1780181.2837582524
2372,780958.5514420335
2373,1323540.9700596598
2374,1641650.667326318
2375,626097.4565158329
2376,2921259.0220937217
2377,564544.5707585071
2378,1343553.3895774782
2379,4121272.280797347
2380,836609.2393621342
2381,1478942.3624619192
2382,684774.0322767153
2383,792569.0648478778
2384,438016.23924982385
2385,216721.48891628554
2386,836670.3307913911
2387,2995505.174577953
2388,559716.5638455143
2389,1088422.3605307878
2390,1285719.9648332102
2391,771328.8753596925
2392,821075.2278698174
2393,823608.026641833
2394,1122931.2135668993
2395,783154.8743838255
2396,2062979.0243904586
2397,567176.7776014449
2398,1139361.711462423
2399,2247598.849824213
2400,539478.9128697813
2401,468534.73093724466
2402,902025.3662158934
2403,1082103.4547534746
2404,1091018.9781592279
2405,1173893.1995972896
2406,1280263.3473508954
2407,1627925.375961247
2408,1323858.7379056888
2409,329354.1973272023
2410,1042620.0551098222
2411,1060628.8888523357
2412,1651769.7286558049
2413,2101866.9543275475
2414,1078991.6407347145
2415,3003134.165493013
2416,756611.2589008611
2417,5039944.597974664
2418,3776786.8135913555
2419,589623.0092568548
2420,410151.3109717958
2421,951245.3338377479
2422,1902663.3545026619
2423,464637.9266872348
2424,907723.9865576973
2425,1006802.7285014224
2426,1359343.4202410164
2427,725887.8582468292
2428,665145.1261604727
2429,502421.8667478257
2430,727862.2904743524
2431,761811.1354174202
2432,944433.8560449297
2433,457928.5196574807
2434,2443420.8265686166
2435,582267.6594342118
2436,2522866.0744200707
2437,1960624.713679048
2438,1018298.0012120137
2439,644456.5047226321
2440,1293127.254317151
2441,745954.5794275099
2442,166513.28827700124
2443,784581.3281901338
2444,343164.4406603867
2445,744186.9665949105
2446,1532093.5337699156
2447,2626592.041556919
2448,761244.5211016143
2449,1877339.9866937718
2450,957358.177573267
2451,590856.3254643441
2452,2364872.3387120627
2453,855214.6460973967
2454,930357.5852946546
2455,885758.9329319341
2456,1219837.8379809519
2457,1194366.3232586186
2458,1358217.4678653898
2459,1237301.780708093
2460,740739.7636356199
2461,3827993.744912849
2462,887486.7369641447
2463,1159628.22939034
2464,1182341.3359697626
2465,5456045.278646162
2466,895360.3861015982
2467,2352240.217247304
2468,1419921.8201141749
2469,2048694.2736663038
2470,2253493.0900890976
2471,956017.204620392
2472,1296859.1873918846
2473,1283933.4778124716
2474,1229446.4994921626
2475,747151.8666985186
2476,700617.6769879473
2477,545772.4702198334
2478,385442.9695617161
2479,6033291.552688847
2480,996932.2602094583
2481,2308790.723418601
2482,2277157.838742096
2483,866531.005178786
2484,415831.39525623474
2485,732842.7141115585
2486,1932639.7032074786
2487,1040133.9433123698
2488,2412566.905770245
2489,684051.9171760476
2490,1600973.213823131
2491,1274729.8471907713
2492,603948.9852840576
2493,2793521.8913391605
2494,771619.9239703566
2495,1805582.3023119064
2496,1092861.9343119252
2497,2108306.3330601603
2498,1734830.8753498844
2499,4150384.3465919266
2500,720811.5439891439
2501,1121881.8676938189
2502,920681.463028713
2503,2165509.0281909825
2504,1574167.716423675
2505,1335447.351865426
2506,921979.1157168207
2507,518359.27636105684
2508,856569.5114529767
2509,1131295.587591278
2510,6309121.837975119
2511,1541846.1264583494
2512,1284095.97546544
2513,3677178.878403378
2514,725174.8278526122
2515,1567669.0101458214
2516,538681.4738120139
2517,550067.6298346139
2518,768921.2437006112
2519,1485543.24446049
2520,4967096.913506151
2521,576336.9690722403
2522,791487.1780382567
2523,1013634.7596086983
2524,659161.2408021451
2525,1799821.5637114497
2526,416223.17072058364
2527,1893905.7817287236
2528,416030.9567056236
2529,521854.988817246
2530,1256409.9249405088
2531,1082275.4730584102
2532,1119289.046535315
2533,277869.5406344031
2534,975984.9795242466
2535,761069.3226692121
2536,1213290.7591223202
2537,1288334.697529395
2538,631365.2903666911
2539,910823.1328634294
2540,2115484.946123119
2541,479331.89400565036
2542,3321513.1983176367
2543,878545.6785512213
2544,3145354.062719107
2545,3383875.7196431356
2546,1077393.4216788283
2547,999964.1509795049
2548,5554779.916114584
2549,1229899.3482134303
2550,695388.5431980445
2551,742481.5512562726
2552,391595.6521315794
2553,787600.918338129
2554,1205414.3663891552
2555,1359824.7389366382
2556,1023075.7101381612
2557,672455.7400407062
2558,1028784.8680710144
2559,440401.6521881906
2560,457549.32192993327
2561,3008214.179726308
2562,5351462.7805857435
2563,1720015.9268508188
2564,8543485.063210074
2565,787876.6933960139
2566,1471962.170769181
2567,1266384.257862389
2568,198690.4676352949
2569,769953.946598975
2570,1647614.9053273317
2571,913664.5021955754
2572,999335.3766384459
2573,1140998.4014857372
2574,945451.466360287
2575,2195723.057008462
2576,272614.7446549744
2577,1623180.9065685796
2578,944565.0496051095
2579,1613764.1082370994
2580,867447.155697985
2581,1056752.3593080814
2582,1382773.3349835675
2583,1755941.1642595732
2584,1805447.8390879522
2585,518472.2803661826
2586,1353966.502991165
2587,1293659.9440526972
2588,1157328.6391745436
2589,3005467.6593820155
2590,1158771.0884441645
2591,2025850.7451978894
2592,1270419.3440656245
2593,931971.8594338131
2594,613967.2550373864
2595,1145596.851656319
2596,821513.3069867048
2597,909087.0500244726
2598,750361.7370497627
2599,823211.3944163482
2600,1095695.9662802978
2601,140022.36617248107
2602,520677.9536298317
2603,1731151.6507471197
2604,2774419.1363259824
2605,1090417.4211243552
2606,1166146.7109056846
2607,1009297.94575978
2608,2595460.7288983273
2609,1346081.6924419655
2610,5464344.162971612
2611,989829.1168684415
2612,2557278.3153676153
2613,1521495.2407112762
2614,1371578.061153534
2615,573018.3713505031
2616,1913751.8516206332
2617,1048844.084258429
2618,1617734.599336591
2619,2168238.769894275
2620,590073.1412674863
2621,1966450.9946642907
2622,4068006.925071898
2623,587566.8654759503
2624,6500210.707870228
2625,2280726.6132747517
2626,4219093.756039348
2627,853928.3315987346
2628,2907783.3392531197
2629,1184840.7498971962
2630,1405994.6619877152
2631,1130770.2490541907
2632,1661624.0417358496
2633,443614.6788221011
2634,2778776.041268415
2635,786437.9380494329
2636,628568.3982951271
2637,646836.4025382509
2638,773978.048935559
2639,1560029.7243734247
2640,1294954.0012295216
2641,1214397.5126297562
2642,695490.619027055
2643,2271038.7463873173
2644,629646.0977199873
2645,810307.0287790758
2646,2026116.2125510287
2647,861407.955588938
2648,3462989.5902240444
2649,890651.8391700316
2650,1596750.2440683355
2651,6215654.070152692
2652,2261127.8195044883
2653,495064.00650864484
2654,964948.6298813503
2655,820442.0281808382
2656,2508773.842469845
2657,4368927.809552466
2658,1707750.1925326474
2659,1242538.3472587138
2660,227222.37926363182
2661,582214.2778388385
2662,1416393.4443586536
2663,935690.7511712539
2664,1418359.0262157428
2665,1709246.6708331923
2666,1425480.7379886468
2667,1194348.3523337347
2668,3160147.0143592055
2669,1717766.4093982107
2670,901425.9439386243
2671,266272.14648821845
2672,453529.0863429377
2673,1209845.6280042008
2674,778763.3286851207
2675,733641.1794464529
2676,701106.5647895114
2677,2625271.764891218
2678,811228.7356915902
2679,610988.0819172694
2680,804739.1871816816
2681,1774470.016332781
2682,1147019.4855227885
2683,1637007.1865608995
2684,1091636.8464115905
2685,234881.11855316107
2686,1765386.491753659
2687,1885766.9239545988
2688,321817.82087640936
2689,488568.17671108345
2690,815994.1165169217
2691,808090.5845971777
2692,429166.8220817325
2693,1183902.9832812503
2694,1221409.2927882841
2695,1057065.294045194
2696,562325.1457069955
2697,2896918.42804747
2698,3428140.594554113
2699,1815749.3867482059
2700,2530599.2739217198
2701,2612107.995276735
2702,5949870.246692414
2703,1832500.2342716118
2704,938465.350760489
2705,917512.2247633215
2706,1040357.8846832112
2707,1677560.2178274398
2708,1337646.8308204666
2709,572233.0470659225
2710,741356.3946639322
2711,764516.4952705101
2712,4096896.119517762
2713,3985685.675839123
2714,503179.1449956013
2715,596559.650684916
2716,990938.6964952326
2717,2168626.8712001015
2718,1022487.6253912243
2719,1236490.528443515
2720,1369397.2194340585
2721,897765.7145313614
2722,855214.9736901444
2723,1254680.2720604795
2724,911709.6699440291
2725,1807676.0168131446
2726,6328638.856083413
2727,1785316.87672957
2728,1040562.4847247506
2729,922300.4343175853
2730,1361030.2508796223
2731,1480674.6096194487
2732,690674.0787678508
2733,2380620.9787214445
2734,3148146.3707588064
2735,1220159.8183315997
2736,1889483.586750233
2737,1474218.5393252487
2738,2093161.246424888
2739,1138387.143714878
2740,891091.5519311894
2741,3725986.8764114683
2742,767016.2250655579
2743,1360489.6679649656
2744,1191566.2068519667
2745,907046.7805586465
2746,998204.5914760114
2747,997835.3951324765
2748,406318.2980493301
2749,1040313.7238663667
2750,1090077.1870425043
2751,582651.9641838113
2752,1763122.9146282852
2753,1504702.3259079454
2754,4135241.676348467
2755,943941.1986213798
2756,1975017.585219787
2757,1361336.837724319
2758,507675.42255094525
2759,693719.7410712412
2760,2506325.2451727646
2761,2089092.794683215
2762,3207696.4116448974
2763,1327463.0254944433
2764,864302.9379626868
2765,2780030.900962685
2766,1057744.293104252
2767,1568960.0320536676
2768,5278928.662679684
2769,639156.5629504285
2770,1454792.7629831275
2771,298163.5443818688
2772,765246.3752536402
2773,1470881.545835162
2774,1044489.1983004161
2775,1546022.4149847159
2776,1361240.764650622
2777,973584.5502953669
2778,535185.067861044
2779,1225422.934569501
2780,971359.7320775905
2781,5999523.072898623
2782,6741621.450978015
2783,4570148.052872685
2784,1742020.9243097953
2785,1186922.3143525433
2786,1615771.2539964926
2787,238936.19257427382
2788,1036949.9959244066
2789,1405276.879164067
2790,1612755.0559186789
2791,925999.7842847682
2792,442734.64757115714
2793,690676.3397757692
2794,689098.4773022255
2795,1578004.4480017298
2796,1560936.7856678814
2797,1023371.8911991984
2798,755594.2767728897
2799,782233.635349662
2800,193537.69416565011
2801,2077073.017040516
2802,404174.6434486022
2803,2089281.83189334
2804,1796582.0313232737
2805,1410187.3628872407
2806,2988538.3257503365
2807,277078.9323774218
2808,1105293.7146900683
2809,7199104.536075709
2810,1189752.950339769
2811,828132.3702903065
2812,2118973.2990341396
2813,604734.6780292224
2814,1101122.7938519428
2815,1057116.4205740565
2816,3890260.6659062426
2817,309416.19509111106
2818,847971.3160294002
2819,1154763.1028954156
2820,318395.8601377923
2821,948671.8467019004
2822,1200855.7683372004
2823,964219.5720721375
2824,676009.433169451
2825,1438803.8761926107
2826,5140461.397607499
2827,1291007.0046286609
2828,586224.048090096
2829,1583303.99106511
2830,2016239.9856311444
2831,1146976.9579092322
2832,1136141.3051417137
2833,1391524.263087936
2834,1857421.3182818154
2835,597521.9875001771
2836,2528496.641755784
2837,267820.71859819256
2838,1698047.197509836
2839,979812.4122159636
2840,144557.732368117
2841,1600180.2876802639
2842,1903582.3085942187
2843,1582573.9084064532
2844,1397198.8993159297
2845,2731922.747148336
2846,1477912.8261516537
2847,1022463.2132787319
2848,1265701.3724429398
2849,1099538.9075090552
2850,6513071.945570765
2851,946447.0337813242
2852,2449808.3740115436
2853,710498.118504589
2854,2706001.8245411045
2855,1180743.0570451485
2856,581520.6525602363
2857,7555421.581380319
2858,1819430.1357546803
2859,640701.4516441657
2860,1009751.5343519677
2861,2541785.083123128
2862,1329966.7883152436
2863,1496153.5854451603
2864,4592268.163191631
2865,277258.0599162826
2866,2232855.5180203915
2867,659034.6650400033
2868,1791025.9353138285
2869,792228.4734597554
2870,1397496.9051572855
2871,873548.0047640154
2872,1319026.5136406196
2873,734159.9598133414
2874,572205.6190311665
2875,1730461.8164355648
2876,1811756.0239106794
2877,885186.3728909877
2878,6689161.16355166
2879,784142.7476509401
2880,1207746.9074710628
2881,1896906.6032152015
2882,544473.4199394885
2883,1403061.9111156412
2884,1206861.4285200376
2885,575038.0458212863
2886,1491260.5532723581
2887,735503.0951631906
2888,778103.5495931073
2889,576258.1104899301
2890,5430404.731699789
2891,1270414.4460295793
2892,1635939.2506339585
2893,998353.3795675181
2894,733889.8430902555
2895,847883.2278595107
2896,1025906.5660265308
2897,1282286.4068471328
2898,1256544.9994723578
2899,4439552.8597773425
2900,808554.8061047297
2901,1452680.6115372595
2902,1296172.5325417994
2903,930062.3609491354
2904,450634.6127699284
2905,2176004.8863110836
2906,1114732.2372999527
2907,661993.6221910807
2908,707960.4780919241
2909,1333400.406338698
2910,1658433.7402776545
2911,667619.473670539
2912,2612107.995276735
2913,1515515.1390209424
2914,1104414.6739818095
2915,718330.6848101353
2916,826356.9955169549
2917,1373587.7357183788
2918,1551230.140668347
2919,1052028.8685588469
2920,1539945.312473245
2921,1437643.2516053284
2922,1319624.3634895852
2923,892281.0258817413
2924,1089801.7862828348
2925,1458340.053948926
2926,325137.1920915734
2927,764927.4113346154
2928,738835.0451794453
2929,1279867.0752879665
2930,2559511.4204452406
2931,2605365.739292942
2932,1626803.7800869397
2933,952710.3722859183
2934,1347772.5880827864
2935,1088331.702240312
2936,721607.2471925848
2937,971251.05924803
2938,4286323.272524011
2939,1476031.0211594265
2940,1422115.2822998518
2941,1911540.080510773
2942,1481543.345626489
2943,1925983.16999878
2944,937535.9158302301
2945,789499.5129100971
2946,659173.462439768
2947,2498093.0210163672
2948,694731.6777010219
2949,747215.1121779889
2950,922145.2880946524
2951,1121507.5051446357
2952,740923.2997280203
2953,1646586.3485708376
2954,1095115.9317728223
2955,817764.113465109
2956,1597375.1890462004
2957,254536.50508065586
2958,817158.6647254792
2959,1623541.8119193278
2960,1059447.503415616
2961,5513824.470375194
2962,994620.1362413458
2963,2371806.512700448
2964,2770973.151560227
2965,6093035.243124959
2966,919925.6267563017
2967,795981.6568138526
2968,447463.4742076275
2969,878933.9162533784
2970,259538.77411918182
2971,1236268.6865849807
2972,1120811.1345338346
2973,450281.52356628625
2974,848073.3857647243
2975,1660106.733695264
2976,817478.5540884156
2977,710738.2328504038
2978,1494310.702845484
2979,1337316.9350883546
2980,1555515.120506752
2981,1830447.5992948662
2982,858239.5664151466
2983,962738.2484150577
2984,1941792.862983337
2985,1388240.9778372478
2986,937497.6862154508
2987,1136799.5781714409
2988,2008459.5371806992
2989,1463650.1436537248
2990,1583915.423118015
2991,1609786.2588754205
2992,1535394.1796881352
2993,1824430.8193516785
2994,1782434.0839600048
2995,803179.0569034852
2996,3745574.583653895
2997,1729511.4080089496
2998,367367.1922038454
2999,1462083.6296805097
3000,2947317.2102242676
3001,1573875.2738946269
3002,1319104.4787218655
3003,975858.8230966954
3004,1974740.9818850197
3005,5043773.619630681
3006,606361.3980787148
3007,533683.4762001567
3008,881776.3536417923
3009,1068732.385230704
3010,991418.4448143945
3011,6369563.325911645
3012,1261326.1670562136
3013,929006.6150217452
3014,959692.2179712406
3015,1346819.8454812688
3016,1018855.7555290085
3017,857527.5207848344
3018,1182479.8563609316
3019,571695.0995429379
3020,428658.8798547131
3021,2621504.3049134193
3022,1466549.7963861017
3023,1394019.3126662786
3024,5695854.116908545
3025,1090747.7157602313
3026,1733400.5553670505
3027,1498419.7389506416
3028,850143.2606446922
3029,1606559.100805774
3030,1282509.2257929195
3031,1875159.7961167796
3032,677414.1571964198
3033,1750773.958614878
3034,181438.83209966475
3035,1519287.3552996602
3036,2492804.7446839903
3037,1596930.6886367078
3038,380792.14070570946
3039,735575.3004961467
3040,602085.3271632089
3041,6309121.837975119
3042,1845379.5156426136
3043,957609.3536810125
3044,504153.74334543955
3045,981061.2707955076
3046,552720.1802202046
3047,747056.764742155
3048,718116.5412482967
3049,3141834.667805853
3050,4213915.883643732
3051,342221.6215571482
3052,767677.8202542996
3053,1602286.0085059523
3054,793977.3493534051
3055,708784.3678346581
3056,1368977.7430375812
3057,1309562.1939330965
3058,982922.9767617991
3059,3285101.529020434
3060,1247161.435193533
3061,1737730.5304630243
3062,579319.5115997841
3063,975124.9388487396
3064,5055444.867376191
3065,1059773.4934863746
3066,797056.8480002028
3067,1388834.4378706245
3068,1075331.8288928948
3069,1605463.890823131
3070,1306764.5194301032
3071,1272879.2712478735
3072,286988.7601300593
3073,1106977.265339908
3074,655916.3480053715
3075,1250512.994611064
3076,1818110.5415928017
3077,948263.3071182948
3078,2413096.5116827595
3079,803535.2947356924
3080,792538.0666431097
3081,335890.7838194311
3082,870832.2525054977
3083,660462.6974072347
3084,1342321.1730408228
3085,894048.2589637357
3086,1572374.9782840922
3087,1001843.7545927168
3088,1550034.05060177
3089,1538624.4632156703
3090,577258.743351647
3091,720794.8704338643
3092,1567520.0309060577
3093,4272764.241270954
3094,617001.6870203927
3095,1904538.5732741777
3096,1698523.7967380865
3097,319670.93851062556
3098,964549.1480240723
3099,1478174.3375316744
3100,1635636.146929139
3101,6507073.373358687
3102,1179720.6649805682
3103,334438.6622133301
3104,956245.1537392677
3105,2535785.7305388777
3106,902444.6915869713
3107,1129993.4931876692
3108,2155307.1745190457
3109,974157.8208617782
3110,1861754.0565740934
3111,2000688.6284553388
3112,779825.4317870165
3113,579173.3762946787
3114,966751.9405450479
3115,299336.2877693409
3116,707274.4985877409
3117,620286.6992514957
3118,1050736.7112336836
3119,1078390.5329259352
3120,2203028.887228916
3121,279146.4312956502
3122,1136483.0161799425
3123,6649189.680376319
3124,422703.25238441466
3125,5346114.039177815
3126,1794730.8154596328
3127,688068.0207473136
3128,1352097.3730979024
3129,1391956.7609983366
3130,1338097.569608711
3131,895625.3928480312
3132,1740548.8031137125
3133,761609.2422405527
3134,2003576.2505564168
3135,1190246.9602538713
3136,1837082.3820351593
3137,602551.8961948955
3138,856747.3558398316
3139,3023186.9522705344
3140,1366385.0922805846
3141,726109.782737344
3142,424380.5966394521
3143,821777.0805251357
3144,676038.404897476
3145,6138999.350471884
3146,2265720.1449452895
3147,3290246.8805709295
3148,1485293.4829831196
3149,2398656.803458682
3150,4890834.752225056
3151,976491.5752529806
3152,1023075.7101381612
3153,548996.2305153948
3154,677001.127259459
3155,1016651.6039638345
3156,1412143.1135414045
3157,887104.1214072471
3158,5999523.072898623
3159,1060021.211918081
3160,862415.6415549587
3161,953116.7494509502
3162,1439413.71304392
3163,978628.2817267604
3164,815670.343885644
3165,1031333.456741855
3166,831647.7480202167
3167,293236.269148668
3168,1265721.4131460115
3169,857560.409658393
3170,2268182.3713627337
3171,664166.6260838042
3172,3051601.931413733
3173,1235433.26392306
3174,1065747.0272176357
3175,763859.4212624424
3176,884333.2980919543
3177,3521067.270756421
3178,1270304.6208358905
3179,1211258.429127689
3180,779132.7670190767
3181,2415255.4578986946
3182,1287607.1839442963
3183,5054685.3342073755
3184,1704438.0298342386
3185,757006.0947394245
3186,1334342.2242863565
3187,657804.9045304207
3188,1714363.156924641
3189,448059.90840677294
3190,623044.2617084294
3191,2192545.354367092
3192,1885799.7710982277
3193,1043531.4096417441
3194,662859.5424155252
3195,4360706.233761068
3196,252973.1412224654
3197,2248877.8250088086
3198,1769387.3979453568
3199,724372.6299804241
3200,1207204.3900406726
3201,923237.7351747598
3202,698630.3481605317
3203,2300733.958887602
3204,1115244.5032121683
3205,1249484.7281119216
3206,696102.0162824983
3207,5976978.961833262
3208,919606.6647756589
3209,954528.1088280763
3210,1087288.7869748794
3211,992258.7903150169
3212,601929.3196282347
3213,5385659.748118837
3214,3883998.911403634
3215,1172309.0782833183
3216,6292070.986133435
3217,821954.9434494429
3218,1245382.372883142
3219,1262394.2115691071
3220,1298189.1157388426
3221,596147.6198390565
3222,1762090.0555491787
3223,618903.1334155031
3224,6138999.350471884
3225,1413855.7908562147
3226,720235.4191070575
3227,1290917.987125676
3228,800943.4637819021
3229,718846.4645423573
3230,1894960.8835933101
3231,2417347.7091052467
3232,1026570.6876086275
3233,2921373.5778408144
3234,402903.85880815214
3235,687548.2469456204
3236,892439.6106407742
3237,5855020.553431018
3238,290640.83011764096
3239,1440492.764928127
3240,4063402.9076079186
3241,819714.1609295746
3242,1115244.5032121683
3243,617990.4499940652
3244,892750.2546056061
3245,1346947.1686135172
3246,426260.14099613484
3247,1503111.5817307213
3248,1649984.9924433643
3249,1463953.3355067545
3250,1211208.8941522227
3251,1023621.4195525846
3252,1660029.3705032547
3253,1401093.9088611444
3254,1691705.035910883
3255,583437.4968624695
3256,849394.145209738
3257,820698.019239804
3258,812920.680539446
3259,4473926.819733187
3260,2618907.7256026687
3261,1584922.0199238334
3262,1464411.9544124154
3263,1035840.7085810499
3264,2103498.9532999997
3265,1103054.574365453
3266,878771.5202965309
3267,715966.0100486379
3268,861649.5241698846
3269,825774.6866144098
3270,1308506.6256712575
3271,828310.250206248
3272,1001130.9991203435
3273,186796.2069257091
3274,441441.2919974566
3275,2215268.7880358887
3276,1850540.8223073597
3277,6183566.229857963
3278,1118660.8770478854
3279,1085808.6350169212
3280,1784339.1056403178
3281,6169855.669048687
3282,447705.7188755929
3283,1495473.7702350153
3284,815385.534066382
3285,1163293.137203457
3286,1455205.8641643578
3287,1040520.1847809288
3288,982618.3606337357
3289,922282.0571805302
3290,1245419.4345661285
3291,925755.6520192759
3292,863207.1268511441
3293,3994634.1215032153
3294,862444.0168081062
3295,945489.8040338509
3296,1500825.3326952918
3297,1309963.0274517846
3298,1652390.9221470396
3299,1882115.062991577
3300,824783.0868782112
3301,1010457.4103458667
3302,519792.4169960227
3303,276822.54149731353
3304,582256.1041858384
3305,746707.9789264124
3306,1013356.1761452806
3307,1136086.6743987862
3308,499605.1053194939
3309,665931.0067044608
3310,5461838.14938508
3311,525894.9230791866
3312,748916.3368799824
3313,935708.1128040736
3314,753376.5544938898
3315,4666550.490086276
3316,1885189.9086669409
3317,833537.0912423346
3318,702679.8514903735
3319,743715.4208111084
3320,757926.8067095759
3321,993828.4379410178
3322,1698521.7547402116
3323,158566.1791376813
3324,729342.2822218497
3325,4109207.3749496997
3326,348299.0454431278
3327,1899736.0986503598
3328,1807031.5349966218
3329,1721011.2457707187
3330,1520899.5992005323
3331,1354385.9330323006
3332,1438642.032028203
3333,742146.0791937836
3334,2603667.982197686
3335,697132.7079358818
3336,1055111.8698462364
3337,1225914.2297164593
3338,1628951.7612487178
3339,1234850.956255065
3340,6809075.061689807
3341,885288.2211772554
3342,5869788.11207652
3343,2604233.852787257
3344,3561755.6805676254
3345,1874076.9656216698
3346,686454.454690551
3347,699756.0807731375
3348,158996.6276263911
3349,728585.9418817257
3350,2204621.9814293645
3351,780679.3735169516
3352,1808473.7468646246
3353,516526.1117737825
3354,206345.7775624443
3355,1015116.4698445575
3356,1242640.6505765575
3357,885536.3829563904
3358,3301162.588443034
3359,2336552.601436363
3360,1018355.2746839363
3361,423672.7610427333
3362,154683.25111484888
3363,1938375.9123304356
3364,1383569.4685004451
3365,1693850.0341536887
3366,697295.4896109387
3367,928411.0344128334
3368,952283.597977966
3369,728245.2840608902
3370,1133831.489708777
3371,1640017.3407392516
3372,922966.4624671224
3373,823831.1335781695
3374,1081409.4970023911
3375,953993.624914927
3376,1158101.9281159213
3377,1256239.2170446361
3378,187714.6267309564
3379,800945.2326187355
3380,2632390.407946238
3381,3320631.8112487635
3382,211374.0188965419
3383,757438.0802223237
3384,770311.4542884807
3385,2618555.8487725854
3386,1807975.3693486305
3387,1123254.788475869
3388,5281221.204481389
3389,1225776.3008239002
3390,1418971.695771845
3391,1646735.6016438256
3392,1792972.886646064
3393,1940195.5712619466
3394,1287077.8570780212
3395,1741773.4973379697
3396,2549230.2108927863
3397,1381174.7265764575
3398,1000673.0154738412
3399,1401206.164468823
3400,1626987.0981795567
3401,1622743.0741754158
3402,516333.2386410829
3403,1155621.4936503982
3404,2540774.3290246953
3405,6547811.473767864
3406,670025.9441582834
3407,3052295.5074356296
3408,1014671.061110799
3409,1067326.3685692523
3410,1333292.1047661968
3411,267124.3868237108
3412,1000761.4344289415
3413,834934.6892021489
3414,955918.4106740436
3415,618947.958614723
3416,434644.79226163233
3417,2125535.2132648425
3418,2513438.249043579
3419,1351766.8656854972
3420,1341129.2843397972
3421,1359077.9940819344
3422,2523347.4686360736
3423,771753.4278639969
3424,1178599.620531449
3425,4836598.681249793
3426,392493.6898323488
3427,895712.0765760329
3428,1168617.6846571441
3429,485607.73743125034
3430,2509677.9386333134
3431,525278.743001351
3432,1011379.7953152223
3433,977304.4206185348
3434,748641.0463931639
3435,542779.5111577214
3436,1859126.0069197665
3437,860147.3969227406
3438,990532.0590081527
3439,292535.73009248456
3440,361292.2790605351
3441,1259567.7695420985
3442,6169855.669048687
3443,722482.5378622264
3444,1339425.4857596916
3445,1065911.4657653978
3446,1720015.9268508188
3447,1479117.7705452698
3448,860887.8522851181
3449,1034149.9988303051
3450,711774.3418833375
3451,462201.3303785144
3452,1133944.9572493595
3453,2706637.8646125235
3454,898126.6827578623
3455,561873.8361101481
3456,926290.1364725971
3457,991393.5766549931
3458,437958.069844194
3459,1076458.3318697093
3460,1030849.5287127603
3461,654803.7713484636
3462,775227.9701274711
3463,515658.0272955898
3464,1691477.8360740663
3465,1386679.8685630006
3466,1236954.0334992688
3467,721333.4482400345
3468,2215034.519505481
3469,655916.3480053715
3470,1028482.3868828323
3471,3464609.2175619435
3472,604734.6780292224
3473,1670996.6010530733
3474,734713.6219136078
3475,973886.8158555123
3476,1407924.1716685363
3477,1068805.3004489574
3478,1429021.1832512647
3479,393809.19416831323
3480,2039485.9886148276
3481,545933.2300577859
3482,1336249.6540890837
3483,820973.2251477999
3484,1360644.1235196842
3485,789456.9152170377
3486,504384.2395664979
3487,3709895.8775713327
3488,1550085.7020780353
3489,2616199.8074154314
3490,2588979.3542635995
3491,1213167.8380693642
3492,1281911.591801884
3493,2508020.3070978234
3494,1258031.3183406212
3495,1156214.7804395123
3496,890681.1431443293
3497,1110240.3345424149
3498,750802.2369268931
3499,506385.1213096303
3500,802655.4333875921
3501,2512594.602611049
3502,474650.09364301595
3503,654724.1778483901
3504,643435.7625043223
3505,864889.9341211194
3506,853062.7139382432
3507,1497466.0535213829
3508,816090.3187808205
3509,1009306.3660550211
3510,944502.8071698985
3511,962886.3073969643
3512,933281.6901380987
3513,771227.4159189445
3514,210822.66849987968
3515,957672.9854309876
3516,1462082.276341713
3517,1017886.7672442258
3518,995047.037794561
3519,334285.90178798244
3520,642296.0647452697
3521,1252930.777622707
3522,482030.0988919692
3523,1027241.7422431619
3524,3199928.5030208835
3525,765275.9112926945
3526,1293694.0536489992
3527,885883.7756931846
3528,858507.1833013748
3529,398632.38602378377
3530,1836589.606555103
3531,1617912.490410483
3532,1272533.8049541134
3533,2532700.4669239046
3534,2452528.9438066278
3535,2336624.970663329
3536,6396601.633209414
3537,727544.7612547913
3538,1369658.3464712722
3539,1324488.916679963
3540,395283.9540293626
3541,2970299.918968868
3542,192453.45776297245
3543,517781.2685173163
3544,1895948.1539766672
3545,224625.8930906661
3546,817751.2627667941
3547,2764391.079981273
3548,1638261.743680933
3549,1189573.1508209968
3550,1045547.0934709095
3551,433537.51667936816
3552,808979.9646071144
3553,931347.2126520036
3554,2503616.355298887
3555,650966.4310973649
3556,1804616.3345593577
3557,1517720.5462566956
3558,1183208.7500904594
3559,1221859.4800717316
3560,717646.9537412546
3561,970772.5536428851
3562,864801.5147011246
3563,673575.6919040204
3564,937874.2283401702
3565,780025.6083030191
3566,1565459.4429575906
3567,3431834.8693424356
3568,1191172.8827164157
3569,1217307.914989492
3570,1311024.227343362
3571,1036646.2451278077
3572,1712127.794312802
3573,387407.1377149637
3574,1149472.658576004
3575,261836.09182354767
3576,7359988.871545925
3577,1114055.1284444346
3578,1521838.662127453
3579,1142189.2516607768
3580,4125558.6729237107
3581,392460.91853138653
3582,907217.8717637665
3583,778359.4269737679
3584,3500913.740509891
3585,211364.31748854183
3586,979699.3379684713
3587,3166254.9990140125
3588,1085566.9439661934
3589,885661.5115336763
3590,2074485.8277533965
3591,822730.9744416907
3592,636100.6766205081
3593,1576392.357577573
3594,3349170.7600735025
3595,6874433.840500386
3596,2003180.904710535
3597,1679941.153199348
3598,687624.0965708174
3599,1916526.7858827922
3600,773796.0576471181
3601,1391255.8636671167
3602,1828102.279343177
3603,2306204.272354351
3604,1044164.5381814588
3605,843576.9206046357
3606,4109207.3749496997
3607,728217.515467578
3608,784394.9505464686
3609,721379.5782285129
3610,1633796.7495633578
3611,1103525.8577852794
3612,907290.4118208218
3613,1413227.3496395014
3614,1233149.5440144818
3615,4145193.3547695023
3616,310447.15595457784
3617,973334.7991437294
3618,1246823.9884289275
3619,791905.9476087803
3620,1271159.3752855954
3621,1372253.8815357005
3622,968128.6935600425
3623,479217.1087487612
3624,4174517.967033552
3625,1077704.5903591746
3626,4244718.124110769
3627,3679065.4010404837
3628,1696664.3890609767
3629,617025.6787121915
3630,1303371.1860438415
3631,3502848.940167527
3632,5997998.860786798
3633,971204.1799714185
3634,1152493.8578027557
3635,3367997.054689862
3636,1666378.1830893522
3637,1223384.8350911057
3638,2802235.4100158256
3639,243067.0798075481
3640,765236.5075967214
3641,766416.3303544793
3642,1016722.5581956026
3643,1082410.7136203237
3644,747006.605183421
3645,1017116.538815692
3646,2065204.1728172402
3647,2714550.5443431856
3648,482869.2103877943
3649,1141773.4256336761
3650,2401339.2661217228
3651,257185.83288409686
3652,6104818.240392204
3653,351282.6849560412
3654,687865.57296783
3655,1752977.0776089123
3656,2271511.535099708
3657,882575.6307079851
3658,687401.1216616809
3659,1190049.9560804225
3660,1690249.5753375813
3661,2095451.7123450672
3662,1704506.970500574
3663,587056.697661847
3664,1375112.2705337391
3665,2399690.273126315
3666,1641548.2544460662
3667,1129207.6114653838
3668,3173285.1778949625
3669,1283405.9615268265
3670,974914.2278097089
3671,1292505.3486815605
3672,1497493.1355401224
3673,1574524.7962224449
3674,1679941.153199348
3675,1374058.6453252616
3676,2665094.696522756
3677,2376884.853343142
3678,2949848.353403767
3679,2772499.9874017756
3680,260504.0124920235
3681,771292.0518238473
3682,761173.5444125407
3683,469825.2621248987
3684,772960.7181525142
3685,2039759.0702730415
3686,1619847.6745850164
3687,880995.2646917753
3688,1950114.4580924402
3689,1103188.74203028
3690,2401080.9841739256
3691,875663.8867593551
3692,1069656.681706484
3693,398094.5443568263
3694,520088.1778154598
3695,1755962.5171781688
3696,907554.8254533123
3697,1447157.0289791257
3698,2326842.1707574804
3699,1532173.6774563957
3700,1087435.711538205
3701,1433573.1922814867
3702,1105072.9042361304
3703,977935.481119558
3704,1798937.6337250322
3705,1535204.9912423338
3706,740522.5833014698
3707,633295.926943125
3708,915022.8102658654
3709,1262938.7846863805
3710,718779.5643475382
3711,1493262.0412945927
3712,697145.949009348
3713,192714.46584249884
3714,393765.06442284933
3715,865589.5387745601
3716,652810.6126164654
3717,1035464.6022951783
3718,385840.55479661515
3719,307696.8956321569
3720,969104.9957687778
3721,2469700.5969290063
3722,500987.5011336295
3723,730804.1722365296
3724,430491.3027933076
3725,1081265.3608164443
3726,1257291.8634451
3727,1557379.9061063933
3728,2018021.7144366135
3729,694731.6777010219
3730,3190207.596511791
3731,1266441.114340495
3732,1843458.8193736062
3733,993323.563753557
3734,509233.80145493965
3735,343773.8488926719
3736,1344826.140537825
3737,4227342.183748835
3738,1022130.4299837173
3739,579245.7163825246
3740,901195.217845755
3741,5218234.5023224335
3742,465322.0606238795
3743,790103.4627423397
3744,874410.7172815338
3745,493249.4403842052
3746,1883887.4198587136
3747,923726.091611097
3748,1370262.9852917618
3749,585760.5790084676
3750,662741.6435677764
3751,984814.0481018707
3752,900676.1603577675
3753,974790.1283840364
3754,1963038.499234267
3755,890345.627755991
3756,722838.6739009961
3757,8682411.273848042
3758,732067.1464595251
3759,833539.2967220809
3760,1259734.341052626
3761,785869.7954872812
3762,1539202.215172184
3763,1507288.3806324927
3764,1023265.2367656734
3765,1085345.8573168386
3766,1470013.9045377274
3767,651643.537378518
3768,1921781.1505080364
3769,1226194.9344724205
3770,966685.3452576625
3771,827021.2280677628
3772,1000789.8692920563
3773,926782.4709087752
3774,932108.7946505661
3775,6327445.909453036
3776,806696.4269383051
3777,4108781.131561061
3778,988280.261438565
3779,2563088.793056581
3780,1425504.4191372087
3781,1062825.946466939
3782,1504571.0915395496
3783,1458356.1701929055
3784,2192451.7640073877
3785,901886.2246644727
3786,909396.8101163622
3787,790457.3528480695
3788,2156816.5261019506
3789,359932.5762879475
3790,813280.8927768813
3791,1376715.8998075551
3792,1994490.3152307037
3793,1112884.0224380882
3794,3732634.837968432
3795,1152519.5421610677
3796,3335975.2881157994
3797,811049.3783798938
3798,777359.0718639884
3799,860246.0199487526
3800,4537190.107684366
3801,240329.3546815563
3802,708774.1440753982
3803,1166043.9281930528
3804,6894831.353729878
3805,558780.5378798277
3806,1067756.4936365383
3807,1703811.1132970138
3808,781219.8382286906
3809,1293083.7704185843
3810,885604.6930310637
3811,1049577.7793058353
3812,726969.4763473178
3813,4121272.280797347
3814,2035549.6139504884
3815,875110.5759208071
3816,177273.49522806914
3817,1730506.4265495243
3818,1559944.9255495223
3819,1503988.0857702112
3820,912374.5967804322
3821,1474636.6133279733
3822,430375.60627518833
3823,794477.2217212406
3824,1147262.8899794973
3825,1192112.6538098445
3826,2621253.555183426
3827,871045.7459292662
3828,4549920.319329652
3829,1660776.9786208165
3830,1338292.6811947075
3831,1044678.9295414983
3832,1208367.8069079297
3833,1766706.0062409614
3834,395128.85557275807
3835,777345.8381208304
3836,1114402.4286460585
