sell_id,price
1099427284,588207.6273810935
1096405886,2639502.9751416203
1100195294,631251.2560473034
1099827282,513851.38941290346
1100076198,2807509.023842711
1090159352,2725564.2221277687
1098987386,1580026.9869523405
1098639040,1454153.8735175228
1099933039,1085183.7323027973
1099565572,504605.1875157136
1099886384,650062.0388192562
1099368814,357358.3786906459
1100258220,708532.3243746022
1100031980,1004636.246009665
1096128862,1114331.850115684
1099201856,510800.59983247495
1100069204,719249.212451095
1100166212,1909476.157965946
1099422504,841386.1778494654
1094044520,3889210.3038900094
1097839332,470353.4841881037
1098849394,4124995.5725991866
1100089736,1533871.7597183576
1100012500,6114842.527009592
1100128318,2622003.206467943
1099842916,4574799.069537474
1092119682,371068.6306828676
1100214098,537189.1616854081
1098605890,876288.3526167528
1100150544,1676348.0382282347
1100019116,6543006.9581328705
1099721446,1056778.441978845
1100130492,360734.6675325681
1083039490,1736975.644249999
1100177694,872656.188173365
1100062552,2940039.9426851575
1096561646,730867.2116094179
1099890274,1609202.5723558255
1099057118,1388807.9196678174
1093583786,1205680.663947057
1100140056,1656895.5503036226
1099685496,1372481.92952317
1099042586,2095051.845321369
1098618840,1276802.815320684
1100095520,3777567.9194367533
1100112830,1213454.7906454168
1077604267,1544167.875730765
1097414603,681872.2817531053
1100173040,1555057.1139514998
1098466772,759234.7615780503
1099881458,652978.4384106786
1099856322,1340737.2927847346
1083580587,700429.217474505
1099751676,864807.6547652873
1094394870,879851.745531007
1093144596,2974318.049277613
1100099276,948800.290761169
1099408382,759103.3897883506
1100088104,2128896.6083770148
1047185026,1335760.6576215501
1099870252,1256305.2760225667
1098567252,989680.3401753958
1085436332,357116.5144843786
1100136230,1533944.032106107
1097862496,1275354.6092415557
1099969146,6814673.070005397
1099976830,1438107.2786146817
1099930109,5198759.7173310695
1098612188,1406747.1058656992
1095091964,6114959.853546824
1099783808,5859404.649514621
1100050570,1056116.6532548787
1100051590,3772741.5511154262
1099626654,5256646.300686328
1093763508,7867347.186319875
1087388048,1230890.0116480887
1100182624,457349.5807043974
1099345640,494959.6940770793
1095736482,715508.5294279682
1100156962,3381426.503475338
1001403361,982369.1580605845
1100254912,1824605.3100784346
1088721444,801035.617472763
1098423266,1001685.8529644585
1099361748,5713665.232322909
1097911468,959972.1556018868
1095355398,667137.175365417
1092508710,2371733.7965110466
1098618784,2935234.599646954
1100141098,1038664.8238256926
1083735735,2510654.1049261475
1100129226,1736937.3488946431
1099874414,630779.2255477478
1095459600,3582732.4163816143
1098977612,624211.9912709072
1100263286,1592849.0987110958
1099359460,1533881.4545787405
1099849396,2003258.7019060194
1099741426,2765196.672773308
1099881014,1610532.7438726253
1099661628,5607500.195105357
1098205732,407922.7539618786
1096030170,739854.9489585385
1097895200,3634592.944986063
1099036546,2932060.6226705024
1100263746,1443503.2168989934
1097562206,995143.9449879996
1099996760,2086626.0735141328
1096606948,866483.9198306045
1097338988,3321856.975354414
1090272306,2494519.2858631657
1096396090,1085123.782979961
1100068146,1911867.4939027268
1034145469,985779.0828527575
1100118814,525763.2167382374
1098511932,3844266.310763685
1098854776,5729393.565165983
1100044358,2848308.648878206
1098998202,600978.1255067845
1099650844,1329603.1133988611
1100119218,708094.6312089403
1099949056,5905706.625753398
1100236724,2753316.552224518
1098391704,993817.8705074311
1094637690,354278.4827069739
1093539954,1548485.356182195
1098017782,335139.38029157417
1100140582,1001401.3574991659
1098776926,641418.0349257902
1093050534,451157.75345690304
1100193314,2072357.6520288165
1100015404,3103475.9484669208
1098163872,3418958.1601777356
1099325458,839601.1498121596
1091433330,1260722.03284243
1100214542,876675.9802234253
1096720474,729186.4173185584
1091800948,650621.5637671963
1100140994,1425742.1163631654
1097450658,866293.9552945837
1100023524,2855469.17394134
1096392102,818711.3507080581
1097681922,1235601.1609999465
1098793174,1769386.325020167
1089318628,2167842.7056624303
1091196932,685971.2810257218
1100006942,913330.4468496846
1100171464,1223045.206940337
1099438018,5766895.20634459
1091998274,3403255.597910028
1088751788,1889750.471665966
1098823408,730808.0918902967
1099955174,2753582.7076975014
1099996934,1669422.338455591
1099067938,1597552.1132507278
1100110756,1587567.810759385
1073075616,1267439.8841808243
1099777954,3758816.6259835386
1099024044,1016248.8521532109
1033486211,686463.2006438986
1099604288,602256.5878211968
1099514392,2460908.5806275955
1096551360,542299.4243866174
1099947966,1516033.5143156478
1099742748,2326807.9247530606
1099716406,3672889.91549419
1099530956,530593.321802711
1095291456,886375.2596355532
1099219040,723443.2338058278
1099894684,501993.7451138414
1098792998,1326765.6044010785
1099709106,1011548.7999876384
1096325396,1166130.4906228434
1098575602,623978.4742315622
1099217802,595563.2983749318
1100147766,1948444.4799907047
1099526918,4250015.266301164
1100107714,2459336.4263204387
1100016506,432833.93767085683
1100207154,1003524.5591161846
1100190494,3037713.957470531
1100115178,2359037.5094766445
1099201830,862285.3196821521
1100019112,2715259.93710751
1100178434,838201.8754534548
1099096722,1060417.8504157076
1099213222,512983.98250819126
1100181462,1948721.907926919
1098878776,1051912.4846060558
1100126074,716931.077836301
1099996800,1177004.2360053856
1099795512,633758.5007467185
1099718646,2374083.6805836624
1099616302,718342.0820087227
1099983558,934837.7068648936
1100219086,2635120.439993228
1100039702,729067.939549063
1096739576,893088.0272885205
1098765988,1523884.078536233
1099608946,3436089.8405905166
1099256536,509672.85035347904
1094503952,1476861.870301396
1099589714,1268677.4678611732
1099741186,1046391.1699944235
1100168572,5586450.402848802
1095766038,1388320.8910043454
1095814296,798614.575958863
1097275066,869462.1379444913
1099850398,10925050.584676696
1100036468,1219387.5828785682
1090326530,1781498.781123064
1098729528,832066.418302394
1099731574,784869.5816590815
1098636496,788927.6069183992
1100083460,629191.4212580363
1099931425,1397987.8740234356
1099591816,993821.8831896771
1095144452,1760561.0195870847
1100052004,4018625.5065228753
1099976446,1139526.6011971936
1099358486,2126036.6526134126
1100035476,2280706.1611573137
1100026588,562751.9450139424
1097112168,1422459.3813305655
1091119226,547281.0758047766
1100011288,2130976.331644249
1087406218,988863.1858469974
1095666484,533807.2672151304
1093389008,1502816.541496592
1100175770,1440436.5515280701
1096315314,1609624.837216596
1097428934,1910900.7592479654
1099679102,933049.9062744314
1099955040,12119844.788193267
1099624874,1405367.4480526883
1090410984,500042.21516237606
1100082380,556780.6581761425
1099659692,601972.5626237995
1099828238,1455217.7360403915
1095278718,376543.4273348419
1091995140,1852598.5773972995
1092432196,7527891.035309648
1099153198,1195248.6663620833
1099427346,1844995.8397905608
1094979108,1057247.6896444596
1098515080,1177464.0488214442
1098797728,509223.1982564563
1095517382,1324093.7014859517
1099913770,929880.6840206201
1098668786,1421513.61328389
1084060647,584296.4787022537
1099054900,942368.1880191534
1099228048,1200104.9138042936
1098857316,1036003.6211227812
1099540482,6977442.934336448
1095807324,652941.9531959994
1099523644,744622.4546567546
1099617766,1530468.4829080252
1099790664,6108580.867725603
1100076402,3615676.548246677
1098497606,2951929.7232345156
1099852714,3190011.7345882533
1100011490,2221402.1164701683
1100130494,2890911.9484277535
1099461150,4568043.121711896
1099719376,337177.2535933071
1099939636,834086.9882209516
1099867658,1324474.2910332417
1098489086,2800620.103874964
1099121741,3711724.7241573352
1098869652,2879303.2485916
1100179462,2759781.9360821685
1100163538,1398734.2394904043
1099936831,1140839.979659609
1100163090,1873674.740964916
1099802870,569758.3280330978
1092530058,516143.9546154528
1099635774,1091377.8347444227
1100087722,3993505.04681844
1099720124,3041843.1551717604
1099868280,2320428.4460240533
1100177760,910476.1104501571
1096955344,496550.45995568566
1100170308,4527550.330115579
1094940966,937640.2298286014
1100217490,1004598.2065368767
1099605866,1163277.8669299902
1100036102,1185312.9868181231
1086522998,5051779.877636948
1100203314,1837547.2402001584
1100179484,3820030.5914195944
1098386662,2160648.9372404004
1099668762,3374267.8707434624
1098337796,458389.6849475126
1100000208,671065.841078853
1098704214,3095000.288538536
1100107176,1078496.9180571092
1100051726,1212490.0626158686
1099902866,831447.453949973
1099685882,1715213.9409941712
1089675903,1844044.5994131735
1094124060,2197954.769062848
1099810908,2032363.8574795555
1095366634,1491779.3664277694
1097026930,985659.637181118
1098168148,1533020.2221154654
1100010786,717885.2501870998
1097587290,427871.5351330624
1100270492,4903558.194850728
1097114166,2156448.7591615813
1099946618,1641768.830880561
1100150116,814513.160212453
1099511080,2781771.4433461353
1098515156,3245304.318773743
1095531026,1833037.467690963
1098765740,621620.2827086789
1073210886,756013.0748406721
1099107393,2330633.90914876
1099309688,674475.2723196876
1099523410,635551.2723422871
1098535192,417468.44101814856
1099176970,1019123.6262613165
1099865174,6963105.382819317
1093927466,1619355.52773917
1099404806,1265792.8183275256
1100242104,1346066.5850979486
1098646184,1950218.3490595112
1099135368,2270168.710919321
1083881609,612251.5550471239
1095492272,793709.0505466043
1098214966,2758522.259661244
1098939698,1209842.2232240345
1100182344,925671.8677660691
1098445034,1585550.3941242797
1099617840,3400421.445975187
1099927194,1105216.4910436375
1096282944,1501242.9811507717
1100021468,844151.984159162
1100147154,1275589.390516066
1088558518,1852229.2274919725
1100034732,745100.5312993495
1035065663,882861.9158098425
1093680396,2186351.814422278
1098854998,789162.0328442471
1099462314,2257023.7802821817
1097990014,3198512.7332151323
1100150772,2410774.8512591175
1100203554,2022308.3907548233
1099511896,2612835.2011806993
1075513009,531237.2329337402
1099863118,1141702.9074316262
1085148244,1552732.9882754073
1100191510,2485648.4867155687
1092873364,1613161.843183326
1100013986,2821760.0849387543
1091392286,523033.625024084
1100113534,1624677.0554001117
1098709988,1252108.6894946713
1099448120,1507677.5249972832
1100051582,6731217.963807719
1100003758,849787.1426721486
1071032499,917772.326322535
1099588946,2603867.0794065725
1100013350,1272771.8004084323
1096603492,16445624.255851634
1099257710,3058928.5218447866
1099972916,1152614.4276146335
1099413506,4494609.830541387
1098633064,483807.1556931484
1092569818,566840.3728155282
1100058386,469049.92907691177
1098601642,1763626.8640298527
1098575560,1116909.367106352
1100183238,3770124.029359258
1091532026,1553849.2814930356
1099440478,1176420.1636751248
1100125756,1865196.5250539202
1095016764,3138852.598569394
1099930639,6241773.636694898
1099413360,2288036.651654401
1099503850,1201969.0358067604
1099742576,678778.4245524595
1099683160,1576234.0168231763
1097993584,938145.4268023924
1100147922,6701642.60553889
1097086556,950123.2775492604
1100043740,396358.7104466922
1099950198,8995005.992536716
1079099432,1650752.7956907991
1100191768,561295.1878377354
1097839242,574924.3046615294
1100036314,1468987.6807901706
1099952062,2288069.1721284604
1100147378,373237.3880789388
1100258712,5063617.624825611
1100236202,1517669.8970240252
1094472968,571963.5982801364
1095113956,1279989.148329496
1099509748,3133325.0284630703
1099639126,1704006.2565881857
1097727582,841621.6876606105
1100091476,709754.8439310261
1098474948,741241.7183268568
1100140306,1783618.2699287944
1094548978,403721.576549354
1099348372,1029006.0311217852
1092823804,657994.2617253767
1096838436,963861.9242989849
1099343868,1275420.5738213481
1100132110,1303343.6282779733
1100044590,1256305.4872290923
1099807146,2150740.157703402
1095797968,875166.2577712728
1095564408,665197.6462338611
1099081422,2176745.9441926684
1099844288,456349.9491053581
1100204912,1341974.566423086
1096180580,1595167.658930692
1099939664,1062352.2316767382
1099525576,1834507.722963457
1097370130,1873087.9021061568
1099952534,1476813.9038503221
1099844630,2371846.612361309
1100044876,771189.8512565728
1098750288,938390.2812643158
1100081136,442954.3378379592
1097877916,1500722.4492029047
1098901418,969455.7247051618
1099815170,826486.4504937688
1099852592,2165457.8733013375
1100010026,521986.97944492754
1100205160,1522227.501319734
1097251812,3261322.5090365657
1100136530,435867.1730440608
1098629662,909903.6614617363
1100157128,995909.8345013848
1096726328,970027.0430555344
1098823464,640107.2865933499
1100031984,1950782.6136850412
1091374854,3448921.2059172327
1095183024,626936.8506822954
1099706540,1454627.2918308089
1099787872,406710.89967082045
1095471172,996881.4188231783
1099839734,4120876.8294821447
1099466484,859890.9493262334
1099651162,605660.983358973
1099852656,1683373.763620209
1100233444,851857.0021990512
1097456786,850998.0812467365
1090591616,712283.4712196818
1100235164,919585.055434511
1099469454,2036824.5305939794
1098603362,390307.65185863676
1098733762,1088516.9291768204
1100048674,2266804.7601694823
1100009652,3988131.007648415
1094239048,827318.8970492175
1099964236,806510.5413276586
1100193078,5635000.312497135
1098370262,1804195.9214399771
1099126974,2506628.2736508204
1096452366,5927958.782687822
1100018018,1412959.6718566648
1100248206,2692287.8888409724
1099980594,1254059.862055732
1099759590,905497.3686041214
1088041546,2016700.6334930556
1099990052,3430631.688757928
1099755750,462154.9616341338
1096328398,907304.6337826485
1099930417,594843.165552065
1096699100,2153736.264349703
1094054234,1534062.9767413973
1075598379,1106401.4141399742
1098011010,2326480.4470721646
1100217072,2085954.1442655323
1095493590,1158623.2536270255
1099837072,700860.2600722776
1100178188,1250544.3362599763
1099602352,1190870.1212018766
1096183138,2315829.918734312
1099322148,658494.6099352096
1099914588,1811039.9006313388
1100152678,3011039.447034764
1091361052,1001234.0819103078
1096970342,1557361.3106895108
1094119934,1070426.3987707375
1100044718,1696992.2005928736
1096060494,1982393.352984909
1099574052,888587.2212526889
1099831002,516578.22460958234
1099837116,496400.4454535239
1100027052,3066995.8895792277
1096599054,1278946.905669128
1099865228,1348591.679527131
1095060770,2655479.9462821474
1099907244,1381283.371509761
1099176586,813966.1634024844
1099988892,2839325.5636602873
1099643236,536057.1907467565
1090733080,1874712.7912757825
1098770946,3783593.4466757705
1099879370,2250784.197578983
1100238394,2483816.5480626933
1095883220,544871.187423485
1099850046,383086.21383311437
1099985602,1942640.9074927059
1099833336,1243484.7579116712
1099943798,867022.1931119533
1097746312,2168345.2308645733
1099204156,456243.92934155173
1084457605,1213454.9876515446
1096650962,1789348.7169616164
1097907828,2665068.2225808427
1094869308,422343.3369229338
1099438020,8895220.066337487
1100263264,1037950.6930423484
1100018218,1563228.9575646957
1097292860,934202.9376752835
1099593028,2151135.353712678
1099445734,4254657.864391029
1099552276,1051690.0671353128
1098601246,379095.8459679112
35782220,376224.2238649995
1098530414,757133.0606165674
1100214312,482058.55234967545
1099825836,872705.7239922469
1099987414,1034170.6012972121
1099534296,1769797.6547366101
1099058776,4435438.699247925
1098996750,626282.6234233838
1098986274,1376576.466451034
1095066024,3356939.6141911466
1099664178,1949695.4244863484
1100169504,1682158.8532526416
1099843420,1269717.015179927
1100087720,5623588.602907464
1099737102,919214.0727883657
1099902812,1477928.0797890797
1100048356,1718356.3733484247
1099115889,974799.339526592
1099544374,943238.4844693275
1097402350,1473370.193740454
1097331694,589734.1979658457
1095500116,1186677.4721377464
1099966874,703738.5532767508
1099207298,678986.3548275058
1086869318,547172.3162705657
1094300816,1436498.241772746
1090834616,548390.3454887692
1086371664,2739492.5210572896
1100135132,3470433.311813349
1100108456,1099291.2900357891
1099843806,1322330.2140554283
1100012586,412260.8256128443
1099803846,346634.79838783713
1098510202,374210.65077706974
1099670302,2873063.602900764
1099970086,1222611.1868919574
1089258286,5652257.231022772
1099650568,577396.3779683316
1098088054,2342985.88984387
1093396970,4033990.490547888
1100103040,5987825.680686761
1098166108,917309.3583872502
1098086832,1007112.730993034
1100194940,922579.0199479992
1098309544,7788083.503359157
1097206296,1496416.6808855066
1095236030,1370098.5012996278
1099484752,1791230.617039029
1100061448,612615.9742478118
1100207148,1302103.759956319
1100083890,1238295.4728767967
1100126800,2305788.432996246
1098985836,3053108.295035233
1084515633,677166.2692081222
1099893346,1610287.321606204
1095866698,1811095.959230638
1099945076,440743.60526044294
1100037280,1547108.791412197
1083142112,808025.243465964
1100018166,2337965.006132067
1092745716,5669763.797492021
1100210370,1831952.6668653768
1100151434,1586367.9057899544
1087561872,537804.8875861671
1100063080,1541799.7407315604
1098328640,1841615.3801788376
1100049014,1244008.084709115
1099804926,1039279.7676565462
1089402264,820402.6523183639
1100098300,4100032.0963506866
1099974350,1638209.193589866
1098110156,2080310.2287717909
1099967306,1308889.694437216
1100027108,7638343.040100421
1100037062,9976897.945580598
1100200418,3512815.4584811646
1099790124,772933.4137879947
1087258958,402429.54789384373
1094740782,1151851.8822008995
1100136436,1881054.074557438
1099459012,3067142.089127448
1096853278,1158932.294080343
1086871502,1112871.383212575
1100200056,1513051.9878350876
1096571256,1344828.8538381543
1098335700,920666.5169178722
1100077694,2607954.791099037
1100145806,4105197.959676981
1100255688,2010441.5601175039
1100089244,7823648.999818873
1095622366,2878552.3735916
1099910896,815649.8392068223
1100209806,2140233.2328427583
1095031518,929616.9557288708
1100263426,1199558.1296156575
1100214626,604156.136567293
1100235152,1090447.107186415
1099784540,1477730.5618770232
1100127398,1019493.3510828831
1100099274,1447285.9559742487
1100186144,2770146.446436856
1098875506,1219554.5334301365
1099009624,1055421.951318684
1100108446,5331983.337504748
1098039720,783404.1468641819
1099777160,2092911.030753927
1095980598,518487.196040372
1099601806,477268.6512610675
1099585676,861352.7914691182
1094251932,937120.4951587161
1098743736,2388239.0264325915
1099822104,1049453.3668327765
1097283878,1217768.3040284903
1088488828,2944176.47919595
1099617426,1041278.4064350438
1099812128,1395131.1122734412
1100072020,1932792.2189505054
1098720532,7283745.680301039
1099986400,916123.3810332454
1092868126,1100424.9278488567
1099502818,3595601.2247182224
1095364342,1205493.566092496
1097873826,1017197.0836445399
1099969128,1384934.2712439739
1099159914,1096803.775250737
1099608984,517493.822227663
1100001746,878165.995025234
1100068728,336318.2456299426
1098859480,1598495.495759513
1099142784,8078651.136713537
1099507574,1271019.348799817
1099306032,2173433.9329098803
1099058406,863139.0663341184
1099294252,714453.3454745837
1099647988,5869014.466690962
1100063922,1324716.787433857
1100113274,2187514.510642983
1099978360,1481448.8256515095
1099424472,567519.5144651402
1099340738,5358026.015958277
1095526024,380232.0116515815
1099853730,2483283.1679139338
1097492158,2732024.11518752
1099688310,2699704.9781624144
1098748786,901647.323648825
1097033772,431590.038507035
1098603634,5440607.174422661
1100115568,4093546.479745059
1091085798,766063.459510298
1098313930,843955.1148972928
1100230028,898175.5604731231
1099915694,413886.957644308
1098990688,2615131.303167467
1099834864,3969027.187041379
1097118060,764128.4754691169
1099779706,974069.6327939222
1094126362,1909824.349620692
1099926050,1208534.6628780193
1099895820,2062276.935494525
1099566634,730554.0855694338
1095177168,822021.7358277617
1099852604,2032332.4042120422
1100173550,2979153.3353324616
1099587572,695315.0303333505
1098450758,1083375.3914390276
1098712936,1308023.4444815675
1095698600,377570.32935743197
1093354336,922816.6052368495
1100062006,1195298.3317564195
1093635570,1811787.486069958
1100128280,2307616.1114425487
1097981486,3372125.396992509
1097393616,1260502.9124526717
1099496476,1231650.7819422365
1099244432,3195200.2169950698
1093464814,516926.7809316687
1100150974,785728.0489718443
1096531550,1237073.1416778667
1093080696,6595184.29736803
1099708462,474932.5448642515
1079262890,728231.1237376462
1099756052,1287011.1866788496
1100155822,828275.8788020664
1099758370,943781.9548449304
1099854192,1862278.3452461218
1100001050,595573.6568912001
1100143634,1378079.3012054588
1099619840,617106.1500642906
1100071078,824591.1050140165
1100005320,1826952.62380403
1081250298,764455.3662237938
1100019114,5198193.163415283
1099754018,670186.5261590524
1099879366,782087.8190553645
1100072054,1036109.9794564196
1099358582,908117.5788865183
1099733246,1000937.1474329706
1097497426,1123062.2708067275
1092685052,928017.2628136505
1099533384,1236304.7842639938
1098928812,793978.1447703199
1100038162,1625017.4841401665
1090904066,805183.6237778595
1100062136,983025.8013596224
1092222596,548596.9236527648
1093987978,1219897.5969408527
1099978722,413554.42542535474
1099356118,599370.4585298178
1100052756,1567563.975649516
1099767270,1989808.0022208365
1099957560,2132525.915780007
1099927836,891893.1318712318
1100029198,3686591.922655095
1099308936,1106225.26288307
1099918736,1948244.1273297374
1100135480,5633622.646875889
1096008822,1730140.1915546942
1090553526,1584670.6835957223
1099815058,444141.7711236819
1080465964,452883.8930393042
1095523788,450296.37877327355
1099665822,567774.2334637938
1094909690,1523873.1091190844
1098084766,552100.4384398337
1089826118,963143.1857917075
1098371270,3166771.753480666
1098140362,1732024.6042237473
1086181444,685637.7632182414
1095379748,1022200.4617475424
1090510502,1634147.6476570875
1100266526,870089.0530071397
1100078576,932115.2101630359
1098900090,482978.8800814566
1098767312,659476.11002514
1099766750,1003699.2543012162
1099933239,1065876.1337523505
1100157672,1369249.5521767028
1095782676,680655.819550862
1096035984,591200.1627496685
1098011562,839374.0651762825
1100063072,1680569.6178121325
1099575274,1870658.5717806316
1098704900,1063602.7800368557
1099611176,2668396.9458248643
1100067622,4193075.560635205
1099043048,2310198.076182976
1078412133,681566.7725572406
1099131568,750633.0234206112
1097030290,2092290.4867480746
1100240976,837506.499654127
1099073454,576901.971268215
1095504642,7207582.631800127
1091698772,1372051.8650430958
1099735818,982355.9298837188
1100051576,6675229.902509758
1099003996,2150101.242327624
1059078902,715207.4967070548
1098653074,632677.1052869166
1100021862,619744.6792105851
1099764288,2292594.837666925
1045501974,1989281.497394286
1099684408,514167.9166560157
1099967530,1202525.4095728472
1100189840,1870092.8570817523
1099936735,2071209.605283365
1100172718,1936423.5213423828
1099534428,726411.7126446305
1099950844,2452068.128747127
1099891042,2020706.6881905152
1092673526,1151803.4148252516
1100150954,1479084.9414909387
1099937780,928853.3872453729
1099933195,902903.8359000178
1092466306,445702.8778541415
1098719248,3555363.1584028867
1098520886,1659999.5036257743
1096093170,1169996.6995864972
1091854812,2280166.955774053
1099474936,2970504.5836854754
1099987342,1824395.695614516
1099832382,5822754.2472012695
1099636158,737012.4740887618
1100178190,1100381.7258241896
1100034738,2409894.644596123
1096694282,2588211.2906311965
1089536090,3547582.3834508806
1100077604,3655835.029757258
1097106610,2943711.135640459
1099983780,2577544.861713177
1098040088,674648.7451662545
1098946936,2398759.9952112697
1099328068,658599.9967354117
1100040074,1879254.5043687955
1100253480,4444968.89023941
1096073778,4447482.644813055
1100072576,893183.5413820659
1100114440,3144445.527991258
1100107174,1083585.152057074
1100134442,4961585.715367785
1098713744,1373989.552898974
1099862334,1653958.9068121256
1099386662,2012546.3931623087
1098145402,631304.0547848485
1093912348,1248697.7925909404
1097128668,1127585.7129765665
1099400100,1096142.9666991534
1099054080,2559395.9925428024
1099891478,430513.8979863997
1090880520,534765.3985887299
1097821970,945994.8516309154
1100200032,1839128.4389014826
1094963248,847013.5641804992
1099211524,2612324.882608699
1097007514,922043.8637003755
1087402046,1518917.1118342804
1091760078,1868478.800067874
1100263172,3336869.758442054
1092549442,327239.5786046273
1099370864,4211508.490231111
1099486318,2464983.672071999
1100206318,467369.7915849016
1100116374,1294909.8705782546
1098490924,534279.9915927863
1099443808,1083248.5352058483
1099280090,2224923.052640595
1100034642,669906.2261344079
1099604502,1891615.8158307276
1100126220,1669206.4155522634
1098369032,3644296.8256671056
1100152834,691490.6838769643
1100005156,1796138.0978042656
1099091928,528784.7216774812
1099924120,1735220.426139456
1099397806,868645.4552945837
1099900606,3866372.0449332185
1100106476,1417698.2851066513
1099978282,537493.6540331375
1100156228,1536651.8587883213
1091544918,995218.1638716736
1096803846,1223513.5192501494
1099548146,413427.5081677061
1100027044,2125184.6868602927
1097891308,2911052.7933497643
1099447872,3018405.5104321027
1097170014,952872.1382906344
1099090936,594503.3183508292
1093940376,1518512.4485290502
1100125288,717361.6007093926
1096544462,405357.61519102263
1099567810,2565995.720651159
1099507326,370123.24413211236
1099784092,1219388.6131789077
1100058770,2751773.2531087743
1099151998,1772550.0081494018
1097904068,3145816.160817153
1096164556,1511092.6068145663
1093962062,1177542.7891586197
1099499242,1533076.6516669942
1098045352,1552172.7978711473
1100159684,3955642.3043426406
1099663478,1113142.9193805372
1099112433,545164.5141406993
1095107948,958076.2823257468
1100203756,1704189.3549843493
1099539802,3551437.548347396
1099405066,1736930.1431189708
1099380134,1095298.365373488
1091212200,917848.5253114644
1100162942,534558.1562283809
1099590448,945874.5142298101
1100045588,3143975.2677873126
1098967312,486848.3160506644
1099960598,1084168.819389936
1098731592,848422.2231765816
1099135206,505884.0814051378
1085992596,748085.8595394099
1099892440,2808807.081099893
1098763272,383131.5605066477
1095306380,738099.8540015392
1099940090,2256280.292057678
1083707391,1151205.4658764326
1100026034,6713144.14910632
1098065418,516963.0362975504
1098588200,1317598.8253080833
1098530582,1324293.5356954287
1097791398,2396458.5467721815
1099537186,1403714.3478764237
1099896474,1790328.8475234844
1092741402,499309.587847988
1092426352,3338892.9116007253
1099239786,1362330.4618924076
1095952710,1186111.7715022326
1099835020,1092170.024948895
1099970022,707474.2920031694
1100129848,2291613.4710163698
1096227314,1277459.4434238095
1099860308,2570073.6685361806
1100104448,840503.716817974
1098036398,793568.3083937261
1100097018,3457322.167709123
1099109775,3575616.824259476
1100105838,552476.3501189327
1099107581,2671191.0805906076
1100132096,742574.6753997417
1099372174,1502701.8654745365
1099822428,446586.08790580323
1099542002,4577678.701265364
1100098042,2407133.382835595
1099375888,1321594.888108592
1097743092,2743980.141968813
1095955238,424480.3123714853
1085817032,1637042.8548804782
1099852600,3029922.149207485
1099910226,1416062.265315096
1099591326,2275184.6002918775
1100211818,5068012.706301779
1100187364,3926782.1118920455
1100057740,5317841.860167801
1091358836,507023.2695530186
1099546366,1854544.3038155793
1091892100,2292028.1531881136
1099119895,2791778.076622361
1098317630,2960488.9953972846
1099908282,631453.8745249909
1099852184,1325499.8012936832
1099789852,5256694.336340287
1100268280,1199099.4073916455
1099787962,1590010.9553308282
1100099438,721709.8503183257
1092779290,751438.6111681251
1100154476,1801223.2756442467
1100217254,1653908.0607072376
1096483776,579717.2877447692
1099439086,6908228.528028943
1095457336,1399495.7232119655
1092704000,1521762.7267708816
1054408750,1137420.206103313
1094337780,778819.0386582232
1100049970,1674221.1756073781
1099404474,1347457.399474063
1086388746,2092178.7108217878
1099631146,6760255.452887483
1082847416,1034859.752807192
1100160272,681447.982726887
1099258718,1011758.2766328412
1097443468,3087695.5742238285
1099986372,879175.4767799489
1099528376,418233.8348180987
1088559128,1698155.7450716267
1100097020,5960477.472609248
1100035468,524472.4244459555
1087244280,608232.1799006517
1100245060,3086616.2837942443
1100025400,668995.6562393439
1092743558,6534212.38986112
1099915648,468799.6974555005
1100019530,1150459.5727427255
1096456938,1790586.2473071746
1094464168,1394120.0663131669
1099614212,3467299.093161181
1100079744,730992.3352231877
1099828370,12286467.978674255
1093398004,1345400.1547115613
1095606784,1136680.1602360301
1100243118,648520.5588451993
1100141480,2184202.8771531386
1099899896,5960477.472609248
1099187694,3354179.644294299
1100063378,3292367.5856837276
1099526906,2394419.349676281
1100271872,754418.4838132606
1089617129,843268.1529561701
1094495610,3581000.8575757323
1096771796,733073.9367631197
1099591368,968588.4771787184
1098865280,2676246.6555557256
1100044128,4626469.758899106
1076222725,1620594.140980289
1099852670,2265120.473257737
1098943720,840445.0032705152
1099882496,2636742.840658511
1100166318,1295747.8109029464
1099643124,1936785.8651838303
1095578958,2046241.3266489264
1099350670,1767445.7109310864
1100013836,2494020.063130773
1089834198,744634.662239214
1099614490,925557.4529320396
1079353814,1132822.6338036808
1100037262,5085843.875184525
1097855220,998734.5238226902
1088906014,664808.0111662848
1099813534,1347645.2763185026
1099720348,1168941.5785700777
1099904748,3763423.482082003
1095907030,2815838.1417729
1099468838,2852940.636747825
1099982678,872712.5461360146
1095903510,1982045.9776523127
1099812026,1027132.8951014485
1100203840,1369956.4936300276
1091868084,1090765.6739097799
1099413718,932423.3188132832
1099084148,510266.49556419335
1099843366,2510744.700272766
1099543128,476743.21374614094
1100244096,698956.8211348982
1098745800,650609.6605918594
1100072322,847432.3070238713
1099676632,1042777.8736801383
1099830702,818656.172703614
1099953656,4579762.104158536
1100079474,961464.3509997325
1099867668,1626526.1082132354
1094974972,3257980.333880443
1100213116,2142102.77802671
1099707826,1411476.5181276975
1093648738,656041.4051474446
1100171602,631184.3147407507
1100029090,462021.0035188284
1100242668,1344023.9205269024
1098557232,1401681.5892275008
1095477274,1139432.4279175373
1100041266,2932136.9335754854
1100027512,1164281.6099058164
1099774600,3044802.724892655
1100044574,727594.490109311
1099896008,1039880.2775476461
1099744762,1266269.6811076268
1099006106,1167137.0072383238
1095721360,387374.10416438256
1098767222,1299935.606218515
1099255274,706014.19782401
1098292442,543990.7817052068
1100145944,5493945.772275242
1099283574,865189.1454368766
1098417138,747463.1603612008
1099043708,2961302.4476130167
1100207150,879473.7296935966
1098844598,814082.9299569385
1098157914,1164975.4851388428
1098701100,749628.2946135252
1099922124,5223500.465104296
1093310034,903999.8098281664
1100114666,912262.815443824
1082153178,553828.0109295194
1098057424,3150769.4288634206
1100211088,1344289.5936562112
1100048796,667491.9758162758
1071038739,457120.9151875812
1085572858,4327187.038471824
1099061012,350738.1500758061
1100178656,1855515.6504505258
1099489466,2132672.247067764
1093183226,2914486.5733480277
1089693851,519173.82699379674
1090617210,1009307.142256366
1094224928,394939.72762668424
1098712038,777350.3365059313
1099586968,426278.8474364213
1099961910,910304.5581670811
1098610460,905088.5446852958
1098473264,4049012.4567309837
1097532245,608392.9466728163
1099563480,1334739.6481888096
1100195538,1054978.0906818835
1099147530,1074128.4596917443
1096403830,464457.7773176471
1098892738,2476231.9243531497
1099913356,936577.1369193357
1092164912,1323955.2834461716
1099107193,3825470.140840647
1090500020,585245.455141608
1099656058,440489.18635369313
1098639202,1057575.567357767
1080697002,1283728.925201249
1099587376,921282.342446781
1099995740,1112501.7763172775
1098041238,3248711.866770292
1090175842,7141091.105596187
1100121420,417964.2923372992
1100017866,1125983.1890028373
1100154434,5899176.110981932
1091762822,1394543.4218026148
1099299252,1047929.0701778487
1099904636,4715987.748226875
1100164272,1063621.183169555
1098200878,1916260.490626632
1098396382,8916336.050209178
1086706866,940951.3350883055
1099221650,457875.1078579766
1099799932,690993.9470374899
1100231308,1711585.8869406146
1099585946,4403529.69932665
1096577870,616753.1608219008
1099779644,1588956.2637124588
1099609432,1113457.1958434004
1097039142,943951.9177835665
1097091198,437546.43528228614
1092547634,4086233.878852912
1100145014,1183230.236820681
1100160134,2214641.2104403153
1100098848,2060675.3400440174
1091928714,1220491.6564578286
1099148786,649314.1036979734
1099097060,1467893.3431622223
1095983126,2899011.4512432143
1098936146,482669.6145237306
1067066580,1548206.9471478716
1099766180,2603246.731450376
1099176598,7080149.695009904
1098793974,2796722.3719451916
1099775670,2022711.632227574
1092877664,6236598.993508613
1099435584,2615122.343744335
1093456186,986084.8911879393
1078023649,1342017.6558849118
1099528916,1460913.0951133745
1099792016,745293.2630959839
1100054366,768793.8441552172
1098850312,455145.2079438212
1100218540,2701577.1300301165
1093430702,478367.89750113944
1100192600,1036955.9643945186
1100072854,874848.5303735815
1100156774,1063078.3584655256
1097218460,552283.7931360007
1091929956,419935.491339616
1096723732,3937743.5193887055
1099461158,2842091.086815578
1093394566,740143.1352095553
1097836268,1077532.3556722105
1100115746,1002413.2552438523
1100108452,1788411.7138660094
1098187844,3159576.3609885927
1099852692,1491754.6498399596
1093883744,3338109.825174214
1099427282,1087706.1830534525
1098529834,538838.3636326228
1098809050,1182719.4877795884
1099867454,987100.1481266061
1099732480,512028.3079973033
1092865406,911253.5693282969
1095587384,1864378.039145631
1096548086,4715939.759450097
1099994292,3270181.5763264913
1098204026,1958974.3591492544
1100087796,3754002.943953693
1096177412,1000014.2690406267
1099576314,3657472.4111409965
1099543510,1000478.9170998591
1099149264,1204628.3806246836
1098429728,387466.26022370567
1100187562,1307258.1482611757
1100228074,519289.16344120225
1082190908,2200096.863415162
1098126592,1233499.3751335398
1100048826,1244358.9013836032
1097332482,1182519.276690465
1076274107,1556688.6052852317
1099071930,564893.5103314673
1092871122,867834.595122904
1099357334,1582641.5257430892
1099739464,415455.65527571784
1099425154,13405938.030383518
1086623094,633575.3463488453
1097254204,1302892.8821579658
1098763758,2390888.2773172027
1099650956,4645315.23927708
1089094746,1723622.2805645126
1098836008,1770497.4433455765
1100171364,5376509.674716812
1097142086,2827590.9321935317
1100130288,782904.8334784026
1099858584,463457.52841263614
1100156210,1552947.9342929516
1099903156,372084.6242230007
1100020436,3388454.9523586035
1099416678,730411.3353374909
1098701042,2974513.3072246
1100144960,929779.5872544276
1098692012,1040635.6612140961
1098920684,3719244.8599057617
1090386784,837807.2362357108
1100237846,671465.7839152558
1099165678,1128817.3781722453
1098107738,2377926.175192144
1096670164,1402525.3257421888
1096994400,609920.0234150894
1100094060,774280.9195670211
1099680824,1228421.6860044901
1046214250,1370862.5961045567
1092261772,846497.701618442
1099886740,383813.4792075261
1097927764,491721.6839802739
1096234462,3726454.3426350523
1100062382,951422.4051993429
1099605858,462628.05897441367
1100126026,1786907.5888660094
1099838222,4254867.412918786
1099370744,1879157.4902729853
1100233090,1277282.7329805878
1100152446,642102.8195072033
1096403444,1153403.3763094242
1092570212,1528746.690187875
1100154288,3471959.2169876206
1099699464,1111435.1627770346
1099252988,526714.392266044
1099284116,707278.9056082497
1100166402,1100072.4000838127
1100050906,1097404.2059959804
1099868290,1165773.445399882
1099815930,2710323.6978217824
1100156630,649630.2544199044
1100173814,1581534.1374288925
1095895688,2321922.8113043266
1098566806,438516.0389019089
1099801106,1007396.9303564827
1071187919,2819307.125455171
1100272284,2301801.7523020282
1099300028,967477.4344783954
1099560188,1105276.7877806474
1100119464,708923.2728396241
1099125661,1519855.7742361147
1096773722,490690.61134364817
1099223998,3748484.0964324344
1096824448,907136.7072036553
1100084856,4887629.012786108
1100030628,2001799.1797959474
1099277554,3017643.6088713612
1099646504,332819.0677872349
1098943958,6854974.904250901
1095213998,601267.9617553493
1099787326,2346262.0101200473
1055377882,720184.7351229781
1099765912,3312193.6385529367
1096213632,1290509.7755062766
1095473700,2272976.19096431
1096583046,1589305.908071778
1100132522,1708225.1300697555
1100142258,1157080.8121946058
1099731368,396027.3349973827
1099314508,1161612.9712874435
1099899858,1631327.4622997348
1098992224,998912.5694303978
1100144882,1745859.8094595855
1096561466,979527.6692269442
1100019208,1768252.9187003204
1098892184,913104.3507258655
1098919300,833997.4562521053
1097463352,707935.4816292534
1100084988,1615123.5684985993
1099870356,1526173.8397129057
1098446326,1607582.4498117287
1094314936,1507887.7600876174
1093124972,988206.5121028007
1098690892,5316789.957765298
1077389913,1388238.3217448643
1099093120,467145.0763829746
1099054212,790562.2611212309
1096642694,1337815.0820830732
1098545424,945264.1490527822
1100041428,1401839.7550244404
1098616538,2746382.702143366
1099595932,878240.6649591608
1099040842,417162.8112247016
1092527560,1110059.4463298752
1099567388,1042996.529626921
1100221260,2879847.9007073757
1097987126,639103.2800871419
1098191996,754259.3967361759
1095936164,1033952.9782488695
1099730754,466999.8518718175
1079598054,342535.958138863
1099392124,9893637.345008548
1100182914,2260828.5648770514
1099867446,416946.3113952221
1069003480,2697338.212480089
1100055360,1282959.575587741
1100024156,1381166.225593027
1099520102,939678.5222316508
1097955062,7222389.352359604
1100027666,504054.37664031424
1100124010,1876727.4496396629
1100143146,450167.3256476255
1099081882,880378.3752033836
1098604634,578487.7397153886
1073072492,865933.3078838584
1100026416,3283699.363176235
1100123134,1571296.4579921202
1093167638,861832.6285387672
1100272892,1867318.4205103188
1095848478,977367.9024823797
1099466882,2167036.983795036
1095578076,3026020.9518851982
1098973478,1919654.9136465702
1099787214,6411994.417702067
1092545992,2325374.6788791753
1090945452,1093097.1079994862
1096541216,1420825.4511523452
1099427014,3082944.159419761
1082550100,1665877.2595551764
1098860850,6129468.116668064
1096197958,454973.7793422983
1099997674,2432741.8140362576
1092597366,839307.077625889
1099329506,931806.4648561901
1099776878,1711585.4233321417
1096981144,1614851.5656970004
1098346654,3278932.5918911416
1097100778,536438.0865460273
1095354528,952970.5488350138
1093580504,857155.2864766347
1099703496,462463.8082018482
1100048680,1263263.6282733986
1098441760,1409754.8585633212
1098928724,703005.3306888788
1093366320,557632.8832735551
1100217310,685918.273995917
1099223866,500739.6981854581
1099864474,856521.3380873739
1099044552,2511290.7361157974
1096865502,1150084.3115813443
1098620498,1751890.5028791116
1099960214,1788350.033811404
1095470774,1481832.4205667707
1097007548,1410413.5430296198
1098561242,424735.500554751
1099162474,576783.0914818551
1100211722,1095007.151292554
1099130900,1076441.1069939225
1100100416,1358299.9805462216
1099720518,3188528.7453123014
1079049202,645904.7781978466
1097885942,1346184.905353624
1100099560,3442225.323888354
1099718932,2271207.887769468
1100246102,991080.857896511
1096862184,1131720.8275933443
1099188116,3596526.046203546
1082541234,774968.6371524488
1085775936,353679.44171781314
1100188786,983147.4906042987
1100272816,557364.8602061147
1099731110,1133218.3960908998
1095327198,378861.20111247327
1100104638,1013302.1290351697
1097230080,937778.3880349479
1099530596,1978286.0870598704
1099853676,883757.4524117992
1098838144,1190252.0110736182
1099999572,1385435.1432094886
1100198916,4105803.3106015315
1100160892,351390.20525761356
1098313592,527870.6355977979
1100088474,2290784.266245784
1098602808,709764.5312301036
1099417610,810055.8770976653
1099521370,329520.19515928463
1094125700,877389.4461556571
1087133539,858934.5072024788
1100067160,1624534.570885025
1087417490,319417.1887781613
1099488850,1209569.6657193361
1099766138,611273.0488881249
1099957968,414236.19952343276
1096938618,2454847.8985655764
1087158371,1713498.0234018534
1098852646,3380592.121576259
1100070628,1069306.1091274126
1096253210,602653.6369322953
1099528006,2074294.3288086306
1098947524,1451012.3000517194
1099852634,1743986.2365532438
1095171892,1637233.4779728146
1100139418,4796077.940203492
1096927266,732941.4552959395
1099949514,676063.0269810642
1078110773,585963.6852423397
1099877130,2351121.6511811092
1098686574,323415.8754513117
1066576826,327093.9911074167
1099934553,1660551.8162280202
1100192142,740711.2520966443
1100099566,2550305.959187961
1099456550,2233583.3472913364
1099993332,1961052.4251812112
1099122733,945022.644630188
1099879598,1640174.4012157521
1100056608,1323604.9476294373
1091754398,595300.9254088348
1100100308,738664.0821547539
1093532236,825939.3221496593
1100202894,1681088.9016398317
1080178040,932367.6251696063
1100021894,1641667.6355229432
1100209988,1614423.058825269
1099877858,894656.2049945176
1099701086,4432165.93937365
1099601658,2903445.7098085326
1093439122,925221.9702629466
1095933244,739879.3205477126
1096875228,1186769.5227417117
1099587996,1220272.2851098531
1099586030,1588909.0682279824
1100064950,1250691.7472638031
1100255524,364504.5574243156
1098209372,486830.9497463595
1096467230,687341.5174861342
1100139696,802884.3959388082
1100258424,5770074.296162288
1100123538,2742986.53607168
1095022482,1237973.5972184178
1099527876,1196752.6437419674
1098562588,3499859.7961907005
1094248032,925510.5812227607
1100216824,492062.93386798014
1100154436,6279198.844719494
1086951271,1046112.1850778615
1096047944,1252587.3740587418
1100062282,532572.1462092637
1093260302,1671608.284701286
1096996814,717212.4748664316
1098857946,357375.16939112195
1095600350,646568.7284809137
1089609633,1154297.9674324316
1099814576,4130699.564765673
1095644580,612634.5672836949
1094472300,854009.3032298712
1092424406,910748.6426852552
1099289386,2124414.662376582
1100134416,779940.8783908563
1098170916,827959.0793054455
1100090482,445419.7285001499
1096925720,352940.2192729247
1100121144,1255441.5191300379
1083518348,729652.4046292239
1095955492,1040518.5047979766
1100009404,1398358.6064904055
1099284102,2053066.3147274123
1098031392,504087.40640681866
1099531598,2672387.982950392
1090658786,347937.1580717241
1099605482,2559981.1829437334
1098874546,5941230.852242449
1067564480,450614.8994112968
1099893352,2669631.009088249
1100260544,1018569.8239905394
1099837500,1338521.6163759606
1097948138,522187.4876206622
1099112307,646149.6947820343
1099368858,1238599.4193232271
1099945012,2365928.721329434
1099556092,330086.1978672489
1094514958,1585969.7869788767
1097385424,1181868.6466758007
1094094006,3622879.1823666412
1100196274,552312.3041071104
1093777432,1568664.6117441226
1095290864,366923.0227544209
1099851100,2787214.1985381655
1098694792,970250.4887533212
1093877898,813370.718876255
1100254166,1764288.5262712624
1098887454,1589772.347580703
1099058974,5030040.314598042
1093630826,4997179.366510206
1091299204,1107823.1567718736
1099439112,888829.7739846132
1099873652,1498141.196310044
1086458686,1534557.791928235
1094483334,1250594.5004200672
1100127316,1150535.4010130977
1096502804,1164054.8525269656
1100167886,3678383.7571649486
1097746520,943773.6902461671
1092481388,1060372.6706097778
1098982938,5053632.979068038
1099998428,2419616.806023568
1099677514,1616685.9338103435
1099796608,7783129.323731275
1096612346,523849.79145545803
1099858660,432504.6738075109
1099082698,1698576.0948633552
1098751538,801393.3746725786
1099480606,674081.9400378577
1100158960,1654420.3638451388
1093203950,538058.0133527523
1095363210,829860.7047457485
1083205428,2029380.133384075
1098923168,1068450.3250667646
1098272206,1074589.1909285197
1098631206,5638424.191815706
1099952276,1539067.2800821376
1084925114,999580.7949786419
1083237408,3132471.6254953705
1098611746,2108258.151880111
1099115113,1347785.6064685758
1099062676,874479.3260753301
1099904322,3646991.4425237724
1100019990,2814293.910612247
1099720966,2270074.750980497
1099510894,1473921.5880740425
1082895332,1234354.76282379
1096933280,1346151.0395017266
1100016784,4882051.895201212
1099722612,1127239.5916743767
1096277217,2559390.818843152
1099845758,2775701.55345129
1099131708,971625.578402604
1099744946,841619.2984864782
1098899068,819270.5158926867
1099193320,1166615.9590494446
1093167974,849271.4839288704
1088961060,750847.2471073562
1099502730,1703326.9554417445
1095930088,1051195.376348967
1088514544,877118.9191079825
1098717628,1844918.8183516846
1095694052,1161554.237034624
1100246092,1081238.5587617063
1099974804,2731763.2013979936
1097473366,714499.9508921806
1096770184,2989711.9834026736
1099983842,1125205.285831869
1099536276,10083190.86677264
1096973152,1738426.3065905473
1094179380,906567.0169943989
1090603698,6410082.783972675
1097140568,1072076.3123075883
1099719544,3638003.9149887986
1093849328,1214259.9228208456
1098971888,1218148.43313057
1099702820,688082.3561834281
1099894466,501326.5288590437
1094157460,510387.8530437971
1099848266,973592.3923653007
1094650284,1231261.0229270626
1099664534,1568479.3870869768
1100115424,777132.5788918678
1096268046,4087867.5409805486
1097961242,669091.4546628349
1100019204,1792184.9788558243
1091053906,1270086.1581020893
1076662420,944194.540023548
1099868498,1152935.2467088934
1099334920,1938652.0657421208
1099084612,4903446.314244197
1094976004,2831326.9166319
1099081154,1530356.0012509732
1094601658,1389841.6452211076
1076254805,806519.706050571
1099814666,636706.811176967
1100114244,3683789.4198521823
1094330538,975868.1241738057
1100011600,3247865.9086403367
1100161174,962824.0993906066
1099250206,5283678.520893875
1099815774,3103763.792648218
1099821446,5043319.674410739
1094210384,10330723.046478335
1095513458,552300.0884811135
1099771130,1531238.1659690028
1094618712,3324283.170594286
1097102642,531751.3217638074
1095751956,769937.6386694739
1097035470,436581.6844136879
1097304904,1816751.9809770994
1099156710,647793.2142225369
1099072174,503532.47991816094
1099161838,2037044.2531266902
1099346462,922982.1259367925
1099832890,652384.5833261667
1100262718,10227158.8035874
1096536592,2806333.679415345
1097253758,527791.5918607261
1099346944,766153.9247772418
1100064010,1383963.3878249687
1099340558,1121319.8061102238
1100204728,677702.2193898277
1099971558,839101.2922419978
1100146022,1976722.2798862164
1098761716,382767.350736454
1100125238,1316076.4550573286
1097429930,421822.81861028716
1086808682,609893.9302018654
1099991824,3609126.0724522136
1095519168,1147198.7285834854
1099895830,1186162.9293936254
1100062956,1792409.2358003026
1099793426,2822655.141495136
1100200044,1874786.0248457587
1099992028,584411.7733482575
1099369204,1176001.8450585785
1099948914,5315458.591507759
1097123534,867800.0199759532
1100177718,1061313.6472048494
1098941976,3338854.286905654
1100175592,2774424.21922234
1074592553,1042002.827402922
1099940420,1134952.6250770185
1098371970,1124008.9828345065
1100155258,469835.45731368696
1100154662,1734312.9461498943
1098840746,1004476.5329897058
1099945242,1202652.6443061132
1099440728,1565268.4499952365
1099071564,1309319.4242357987
1099921538,497343.3176299324
1097936442,714498.1456491805
1100136842,6191756.821820796
1098862906,7461920.528047693
1100122742,724823.6761662042
1096273501,1441312.7321349238
1096768852,2482319.6066093133
1099599146,4876471.342035694
1099626220,321379.63486900006
1099171482,1308794.4540781036
1100170466,4218858.764628582
1092562058,665152.693235709
1097187776,790367.7764452525
1099959044,713018.2354524814
1097926608,532006.5478480703
1098889636,1023459.153284549
1086107692,787481.1563365024
1096185300,882488.244609302
1097050908,493807.7928298104
1094902200,1164033.2862575306
1096755404,897956.8334875361
1086926749,639393.3276572976
1094606836,1870823.4663011543
1096072470,444466.590093332
1099646036,1006710.7313927291
1099901934,3247610.0069358293
1100095036,4698003.827955601
1094730630,1126933.2872951112
1098936942,1932259.9769750594
1095172218,1139100.6381914692
1100010322,1818442.3158606938
1099934669,944789.3180097275
1098708426,6854321.777111878
1098749692,1936009.4555436857
1099414488,1045831.5946392799
1099277058,2577607.3763779094
1098773964,1529838.5031212461
1098835932,1101697.3856395213
1099834690,1022476.5095951841
